price,bedrooms,bathrooms,sqft_living,sqft_lot,floors,waterfront,view,condition,grade,yr_built,yr_renovated,zipcode,lat,long,sqft_above,sqft_basement,state
1028694,4,3.5,2701,6798,3.0,0,4,3,5,2017,2020.0,10022,46.35364803479336,-91.52683597398163,1788,912,CA
169423,1,3.5,2066,5913,1.0,0,1,3,9,1967,2001.0,11128,41.80735249321137,-111.3691744649515,2066,0,VA
214807,3,1.0,2722,6173,1.0,0,1,5,7,1921,0.0,89522,29.84079910314461,-80.87250107887311,2722,0,IA
209375,5,3.5,1105,10031,2.0,0,1,3,6,1923,0.0,42322,35.313889145816006,-106.35546934404891,1105,0,WI
262418,3,3.0,3424,-2170,1.5,1,2,2,6,1939,1972.0,58929,36.8570288064576,-71.43851444482361,3424,0,CO
293173,3,4.5,2697,2448,3.0,0,0,1,11,2008,2020.0,91696,26.325223042009736,-86.56680573196635,2697,0,GA
666895,1,4.5,2646,9444,1.5,0,2,1,7,1973,0.0,19808,47.91130032064134,-99.12798192469413,2646,0,NY
72059,1,2.0,882,10606,3.0,0,0,1,1,1965,0.0,62882,28.085854259125085,-78.97501590293781,484,397,MN
139906,1,4.5,3699,8832,3.0,0,4,1,4,1939,0.0,31725,41.739070413441446,-77.3788663153401,2155,1544,WV
163630,2,4.0,1986,9796,3.0,0,3,3,13,1905,1987.0,82534,37.149544866181124,-107.44254848029021,1986,0,KY
381608,4,4.0,2728,7954,1.5,0,4,3,1,2011,2011.0,49950,25.615173997226144,-104.63627100134319,2728,0,VA
117556,2,4.0,1677,9907,2.5,0,2,5,6,1917,0.0,98954,47.193939420744684,-70.6505562374696,1677,0,MD
227528,4,1.5,2260,12170,1.5,0,2,3,13,1980,0.0,93576,45.4440834116544,-114.6097608132935,2260,0,UT
50000,4,4.5,2297,12135,3.0,0,0,1,4,2001,0.0,30557,37.58219026969205,-121.59742623311276,1823,473,SD
50000,3,1.5,-819,6555,2.0,0,2,4,1,2008,0.0,31825,30.494616067346687,-98.11884661125569,-819,0,IA
142804,3,1.0,2582,14575,1.0,0,1,4,9,1986,0.0,18998,27.91894937632226,-78.33103568611315,2582,0,UT
279070,4,4.0,3965,10785,3.0,0,2,2,12,2009,2013.0,46080,33.721419506371035,-80.01491794028749,3965,0,VA
285593,4,3.5,2539,16161,2.0,0,0,2,4,1929,0.0,67797,31.13027874510617,-71.58675415196853,1772,767,MI
50515,2,1.5,1042,17164,2.5,0,0,3,12,2021,2022.0,25802,37.16058882415117,-93.60756213096471,550,491,WY
50000,2,3.5,2649,2786,3.0,0,1,4,6,1920,0.0,21167,48.1938231069623,-118.2963137207076,2649,0,CO
330319,3,3.5,3059,5704,2.0,0,0,1,13,1961,0.0,52407,38.7988838375114,-90.44472846284708,3059,0,AR
150181,1,4.5,2512,14067,3.0,1,3,1,7,1909,0.0,23338,46.35834534136235,-79.63144998186694,2512,0,MN
265314,4,2.0,1925,1675,1.5,0,4,1,8,2019,0.0,86289,40.621092099898654,-118.6802971446199,1925,0,UT
50000,2,4.0,1757,17100,2.0,0,2,3,12,2006,2007.0,81520,36.40591663809281,-114.15852813743739,1757,0,VT
61900,3,2.0,1753,8280,1.5,0,3,3,13,1912,0.0,28895,45.51058150560091,-123.29943231412676,1753,0,ME
338623,2,2.5,2697,12875,1.5,0,2,5,11,1975,1990.0,57910,36.31283464415194,-90.16180297153181,2288,409,VT
50000,4,4.0,592,9418,2.0,0,3,1,9,1908,0.0,75898,45.84707609224866,-73.45613965908345,592,0,NM
230017,4,4.0,1628,3038,1.0,0,2,1,9,1967,0.0,13454,31.997842469818366,-85.77219098788032,1628,0,UT
205267,5,2.0,3595,15277,2.0,0,1,3,8,1938,0.0,96540,28.091513770311714,-68.02371500731402,3595,0,AZ
193041,1,4.0,3634,23753,1.0,0,0,3,10,1923,1935.0,70797,45.527547144710525,-120.40708180751359,3634,0,NV
63317,5,2.0,521,7424,3.0,0,0,5,11,2017,2018.0,93137,39.097963931024005,-72.52893814636471,521,0,AZ
213797,3,3.5,868,8388,3.0,0,1,5,12,1933,2013.0,60637,46.33821755797504,-77.5981076189592,868,0,IN
172889,2,4.0,1729,-3245,2.0,0,3,2,12,2002,0.0,15349,47.5078529678172,-106.08823333152822,1729,0,LA
145694,3,3.5,2892,16757,3.0,0,4,4,3,1960,0.0,49963,26.28708136891478,-68.50898654527666,2892,0,NE
50000,4,1.5,172,14558,2.5,0,3,1,12,1940,0.0,85583,37.02326324461284,-107.58754835422934,93,78,GA
50000,5,3.5,1945,1333,1.5,0,0,1,2,1904,0.0,17750,33.9991491777887,-73.30963074179155,1945,0,WI
335158,5,3.5,1525,-324,1.5,0,4,5,5,1978,0.0,32463,40.02060152968281,-73.7973311067712,1525,0,IA
50000,5,2.5,3325,253,1.0,0,2,5,1,1949,0.0,84935,44.04618873285577,-80.81351585363058,2531,794,ME
50000,3,3.0,323,13225,3.0,0,4,2,3,1903,0.0,68792,31.734165183384853,-91.88218299266745,323,0,FL
194313,4,4.0,2092,13724,1.0,0,3,4,1,1950,0.0,23686,38.363161224956116,-117.15984327183737,2092,0,AR
148764,2,2.5,1606,5383,1.5,0,1,2,13,1951,0.0,73528,42.00948591771759,-93.6776111336996,958,648,IA
328536,2,1.5,3469,12496,1.5,0,2,4,3,2021,2022.0,32787,28.226345988057616,-103.66261342766873,3469,0,WV
241365,3,4.5,2597,10794,3.0,0,3,1,13,1938,0.0,24776,44.53760574283041,-78.84362911014495,2597,0,DE
162445,5,1.0,1414,8163,2.5,0,2,2,4,2021,0.0,67427,39.54663039647136,-80.78663522967983,1414,0,WI
50000,1,3.5,2853,14850,2.5,0,4,5,7,1907,0.0,71086,47.78889849072765,-72.0950870797615,2853,0,AL
136308,3,4.0,1611,3975,3.0,0,0,2,12,2012,0.0,73308,33.14869405913664,-123.15468074139265,844,766,CT
202044,3,4.5,2999,15737,3.0,0,3,2,12,1944,0.0,25797,27.595502616092766,-77.88111664108638,2999,0,NM
289635,4,1.0,1762,6357,1.0,0,1,1,5,1987,0.0,15302,37.15602882488621,-70.50766297189388,1125,637,LA
612389,2,4.5,3054,18907,3.0,0,4,5,5,2016,0.0,73172,27.05945852102653,-79.00987440083544,3054,0,ID
50000,3,4.0,2436,4973,2.5,0,3,5,13,1927,1928.0,48059,48.26863655977616,-116.57891578738909,2436,0,WV
1330904,3,4.5,5260,8242,3.0,0,1,3,1,2018,0.0,10908,25.928438998172595,-119.3670910240694,4454,806,NJ
256438,5,3.0,1947,10292,1.0,0,3,3,8,2006,0.0,70252,43.084093626575395,-122.81182133096105,1947,0,NC
92515,5,1.0,2382,10261,1.0,0,4,3,13,1926,0.0,90659,37.60245755541386,-88.16152212779996,1244,1138,WA
198816,1,4.0,1520,12454,1.0,0,3,1,4,1964,1974.0,22877,33.84689565995893,-88.10865884398643,815,704,CT
242084,4,2.0,2002,3571,1.0,0,2,2,10,1933,0.0,24239,26.58021194820771,-67.7459182895619,2002,0,NV
50000,1,2.0,-701,9813,2.0,1,4,5,5,1980,1980.0,96971,39.93200618016658,-101.31153907606654,-701,0,WI
156589,5,2.0,2465,10690,3.0,0,3,5,2,2000,0.0,37313,39.04528790538293,-105.08134176084269,2465,0,AZ
208791,2,2.0,3342,7361,1.5,0,0,2,12,1961,0.0,52103,31.741198553622393,-88.40777915048963,1752,1590,TX
475083,5,3.5,2396,12020,3.0,0,3,5,13,1961,2000.0,58408,46.845320833847495,-76.94030566706715,1285,1110,CO
123565,4,4.5,686,3268,2.0,0,2,2,1,1937,1969.0,93251,32.29864017622808,-70.6038848771889,513,172,NM
61773,5,1.5,1198,8367,1.0,0,1,1,9,1925,0.0,98771,35.79340985421055,-78.2219225277948,875,322,PA
50000,4,4.5,-430,6234,2.0,0,1,1,2,2020,0.0,20534,38.05029894204773,-99.67958310489914,-430,0,IA
59389,4,3.5,2978,8382,2.5,0,1,1,6,1923,0.0,53060,27.405565076230864,-87.80988858721234,2098,880,CT
50000,4,2.0,993,17235,2.5,1,0,2,1,1938,0.0,27189,47.37188126112717,-75.19093837718134,725,268,TX
210286,4,3.0,1971,17332,3.0,0,2,2,1,1920,1973.0,96067,33.98886765882499,-96.03524776623085,1663,308,NJ
678002,4,4.0,1846,16352,3.0,0,4,4,9,1993,0.0,20967,26.938701132984246,-111.64886130879262,1846,0,NE
209317,2,1.0,3487,7688,1.5,0,1,5,4,1946,0.0,91991,34.29498816820792,-114.32576393437124,3487,0,KY
435479,1,3.0,2085,14538,1.5,0,2,5,9,2014,0.0,75563,39.40486113022194,-123.99100855905077,2085,0,LA
226280,3,1.5,2808,10561,2.5,0,3,4,11,1947,2022.0,18660,37.32766412371191,-83.0604342860668,2808,0,MI
212789,1,3.5,2546,10227,1.0,0,0,4,5,2020,2022.0,49823,41.66900737689458,-117.66745909577854,1338,1208,MT
193825,4,1.5,3359,9613,2.0,0,2,1,7,1912,0.0,65842,26.331614609629856,-110.10117131733139,3359,0,NE
285630,2,1.5,1760,18792,1.5,0,2,4,1,2000,0.0,19616,31.828974646529346,-107.02104910320078,1760,0,SC
140818,5,2.0,3869,16829,1.5,0,4,2,6,1902,0.0,85976,44.661533844162456,-92.0583479722042,2439,1430,MS
50000,2,1.0,14,13724,1.0,0,2,3,8,1931,2000.0,58738,26.91744850699266,-101.31643519414115,14,0,DE
50000,4,2.0,2857,9148,1.0,0,4,2,1,1934,0.0,23107,45.531662912702984,-85.54358245467978,2857,0,MA
122992,2,4.5,1133,10197,3.0,0,0,4,9,1918,0.0,71404,27.20550620985055,-120.82859641826394,1133,0,NH
127495,2,4.0,1507,12652,2.0,0,0,5,3,1913,0.0,25954,45.02690115740071,-116.93546592692695,1507,0,TX
374597,4,2.5,2569,7391,1.0,1,3,2,1,1947,0.0,26943,33.65892162588944,-95.5449442986038,2569,0,MA
330027,2,2.0,2561,14691,1.5,0,4,5,1,1985,0.0,50725,39.69301751817318,-104.7930070927307,1731,829,AZ
50000,3,3.0,2606,5393,1.5,0,4,2,13,1980,0.0,55434,28.669290775551957,-107.1386383231725,2606,0,NM
115689,3,3.5,613,11959,2.5,0,1,5,11,2022,0.0,95751,26.58804932140434,-120.1793994948612,613,0,NE
372944,2,3.0,3449,-1448,1.0,0,1,2,6,1967,0.0,20110,30.182516896483243,-72.94400703936392,2037,1411,VA
316708,5,4.0,1099,7246,3.0,0,3,5,11,1944,0.0,97091,28.068491629808694,-84.5663405908721,1099,0,NE
113045,4,3.5,1232,20388,2.0,0,0,3,6,2003,0.0,26462,32.49774154431116,-117.06776506127999,1232,0,FL
58903,3,1.0,2637,15180,3.0,0,1,1,1,1918,0.0,89232,37.34519791626448,-120.29238040898298,2637,0,NC
125455,5,1.5,1713,17677,1.5,0,2,2,3,1963,0.0,64081,39.130227125560225,-68.43226559441915,1713,0,NC
426733,2,3.0,2308,6663,3.0,0,0,3,7,2000,0.0,62799,43.95683457711383,-85.17316462494821,2053,254,MT
50000,5,1.0,-156,10518,1.5,0,2,1,10,1965,1981.0,76567,40.74975743796061,-100.20500394765673,-156,0,NV
165527,1,4.0,2284,16409,1.5,0,4,2,3,1978,0.0,99301,39.61019980310927,-84.00133067692026,1487,797,UT
205142,3,1.0,2217,13165,1.5,0,0,3,3,1965,2015.0,61224,34.882768659658595,-80.88908817063094,2217,0,TX
208302,2,4.0,1490,12542,1.5,0,3,3,3,1974,0.0,66063,36.37140243904333,-79.54215446383958,1490,0,NM
50000,4,2.0,-74,18152,1.5,0,4,3,12,1944,0.0,65240,34.94849990536434,-96.76099357777571,-74,0,AL
93905,2,2.0,1787,4797,2.5,0,4,4,7,1986,0.0,91352,45.21198472147319,-99.49668278688367,1198,588,MD
223647,4,2.0,1962,9078,3.0,0,2,5,4,1973,0.0,27868,30.520010861161595,-123.37139919667268,1142,819,ID
91890,2,2.5,1632,1229,2.5,0,4,1,4,1966,0.0,85973,25.13730235700715,-71.18624443691523,971,661,KY
50000,5,1.5,163,4524,2.5,0,1,5,3,1968,2009.0,90989,40.631677533429745,-89.61145093183025,163,0,IA
352796,5,3.0,3594,15370,1.0,0,0,5,10,1902,0.0,32222,29.859092407331953,-112.42022558017182,3594,0,ND
130810,5,1.0,1361,5413,1.0,0,1,5,11,1937,0.0,89794,46.362763271435426,-71.58260509297811,1361,0,WY
175406,1,4.5,1777,13677,1.0,0,2,3,9,1976,0.0,73924,45.61711191295974,-71.8488815990931,984,793,KS
50000,4,1.0,-409,18292,2.0,0,2,5,2,1941,0.0,88513,26.84145692627694,-67.61650263113253,-409,0,AR
58840,5,1.0,3594,9110,1.0,0,0,4,4,1982,0.0,64649,27.553321729937856,-74.17877590107821,1955,1639,DE
96283,1,4.5,1533,12599,3.0,1,4,2,8,1939,0.0,93749,36.88411821391999,-67.1262898942563,1533,0,ND
173930,4,2.0,2098,13716,2.5,0,3,3,6,1949,0.0,20223,39.62134390646451,-110.05288727697346,1138,960,VA
72405,2,2.0,3120,3892,3.0,0,2,1,7,1934,0.0,58166,31.597800099573778,-75.99177364364365,3120,0,MO
70655,1,2.5,1323,6917,1.0,0,0,2,13,1923,0.0,49369,42.203145200784896,-77.08738639864143,1323,0,IA
393276,3,3.0,2963,4981,2.0,0,3,2,7,1987,0.0,96379,39.27798450205292,-110.83639952441817,2963,0,NV
50000,1,4.0,-61,7316,2.0,0,4,2,2,1916,0.0,79392,32.79577863396531,-118.38905970694353,-51,-9,FL
315248,1,4.5,2550,13580,2.5,0,2,5,4,1939,0.0,69526,25.608915713015573,-68.17303072037683,2550,0,AK
373382,4,1.0,3572,7024,3.0,0,0,5,10,1973,1993.0,22661,43.003606751164426,-107.12660056332521,3572,0,KY
141701,2,3.5,1419,9824,1.5,0,0,3,10,1965,0.0,25591,30.154087979801986,-74.35916794333505,1419,0,GA
50000,3,2.0,3118,4787,3.0,0,0,5,6,1943,2020.0,81718,45.02736984310308,-123.76475218354757,1652,1466,FL
426425,5,3.0,3833,16132,1.0,0,2,5,3,1922,0.0,65235,35.08696624130212,-122.80158598848267,3134,699,NM
185370,5,4.5,1745,7274,1.5,0,3,5,9,1905,2022.0,17970,38.84985862316237,-97.445335404307,1745,0,AK
307386,1,4.5,1662,17614,2.0,0,0,3,13,1965,0.0,57922,45.95076952981604,-110.39326301570138,916,745,MS
63369,4,1.0,1101,10304,2.5,0,4,3,4,1920,0.0,40755,45.726952022078876,-84.67904684415004,702,399,ME
277773,4,1.5,1490,2965,2.5,0,0,4,10,2018,0.0,29416,33.91646980584576,-91.7628334426266,1151,339,KY
290093,5,4.5,1184,9144,2.0,0,3,4,13,2019,0.0,23672,30.013333425156233,-119.58330954532198,1184,0,TX
50000,3,2.0,1100,4686,1.0,1,2,4,2,1934,0.0,93468,43.60350586548627,-114.73018711000412,956,144,WI
769626,2,2.0,3198,12946,2.0,0,0,4,6,2012,0.0,56996,35.393924886451146,-101.88119160667038,2578,619,GA
161056,3,3.0,1210,8693,1.0,1,0,2,1,1928,2022.0,84095,29.609007845416098,-113.42056835454031,1210,0,WY
166206,2,4.5,2258,10816,1.5,0,4,2,6,1906,1956.0,10064,46.7062082156116,-78.84332620709607,1612,645,NV
170837,5,4.5,2038,8153,2.0,0,4,4,13,1992,2014.0,78835,29.754500661786096,-100.28399657346304,2038,0,PA
335327,2,2.5,3498,7223,1.0,0,0,4,12,1952,1957.0,80385,25.619372036589546,-118.67438358997754,3498,0,WV
50000,4,2.5,1496,5131,1.5,0,0,1,10,1936,0.0,15639,25.48671937041808,-96.39245457048888,923,573,NV
181512,1,4.0,2381,14181,2.0,0,4,2,1,1922,0.0,21055,39.935568554902346,-118.82222367949939,2381,0,WY
373554,1,1.5,2791,9134,2.5,0,3,1,8,1996,0.0,69220,40.88020145722073,-116.65057359107043,2243,547,WY
109727,5,4.0,3489,8426,2.0,0,1,1,5,1907,0.0,97594,32.46500092136761,-110.3422395743923,3489,0,AL
139983,4,4.5,1482,9008,3.0,0,1,5,6,1975,1994.0,39427,32.68026374192952,-75.00692080089308,1482,0,AZ
156070,3,2.0,1382,6605,2.0,0,0,3,2,2009,0.0,92516,33.14785396143863,-71.2970856570206,1382,0,IA
50000,4,2.0,938,8443,3.0,0,4,2,2,1947,2000.0,74666,41.32380512221309,-76.90330942807206,555,382,GA
50000,1,1.0,4236,11028,1.5,0,2,4,12,1909,0.0,74274,26.395210984643885,-104.9575986071827,4236,0,MA
256635,1,1.5,3384,4829,2.0,0,2,4,9,1978,0.0,20866,47.29879246459181,-108.4705528567966,3384,0,OR
115902,4,3.0,1957,5553,1.5,0,1,3,3,2016,0.0,13889,30.340505060258714,-92.69812562495636,1106,851,IA
513682,4,4.0,3931,16891,1.5,0,3,2,6,1923,0.0,58226,48.992156925810214,-82.8543698496126,3931,0,MN
97819,1,2.5,1898,8186,1.0,0,1,4,10,1989,2003.0,41335,29.116544650892486,-67.37775107487003,1898,0,IN
442671,3,1.0,2724,7242,1.5,0,0,4,5,1946,0.0,60547,43.51711497549706,-116.5004694229012,2724,0,IA
186093,5,3.5,2010,3280,1.5,0,3,5,12,2005,0.0,36162,30.361901078311,-121.19035605564315,2010,0,GA
182784,5,3.5,2397,14253,2.0,0,2,1,4,1952,0.0,99449,26.940323239438094,-84.42171432726956,1231,1166,FL
250820,4,2.0,2291,4720,2.0,0,4,4,10,1938,0.0,34687,45.99839978441557,-76.56313034027738,2291,0,UT
65251,5,2.0,1575,9923,2.5,0,4,2,2,2021,2022.0,20995,45.61003022058141,-75.75811954761389,1575,0,RI
516858,1,3.5,3092,1459,1.0,1,0,3,8,1966,0.0,66488,34.68568941879043,-85.32757770260184,3092,0,CA
358908,1,1.0,2715,14090,1.5,0,1,5,10,1965,0.0,12631,41.857507420970244,-69.62109916520635,2715,0,MO
50000,4,3.5,3027,15884,1.0,0,0,2,7,1905,0.0,44954,38.36958238441401,-94.87272847795855,3027,0,TN
254485,4,4.5,2320,12422,3.0,0,4,5,11,1920,0.0,15967,45.47094672816997,-71.91255649483588,2320,0,MT
187414,4,4.5,1093,2327,1.5,0,2,1,2,1972,0.0,98294,32.56134326364771,-68.83470819148319,904,189,DE
630961,3,2.0,3709,14193,1.0,0,4,4,6,1973,0.0,97278,37.56813759997564,-75.71202495082287,3709,0,MI
50000,5,1.5,1737,5863,2.5,0,3,2,8,1935,0.0,74471,36.64893690890921,-106.34376189425862,1737,0,MO
50000,4,1.0,2364,4145,2.5,0,4,3,7,2022,0.0,47116,33.493739830164614,-112.81570788329317,2071,292,WV
202038,2,4.0,2635,8082,1.5,0,4,1,1,1902,0.0,44227,46.39492154935293,-92.75715629603636,2174,461,ID
302831,2,3.0,2357,7983,3.0,0,3,1,5,2004,0.0,11942,28.98107019190085,-98.17815922832926,1351,1005,FL
388887,1,2.0,2915,7474,2.5,0,1,5,2,1987,0.0,57664,28.58820734849671,-73.96777449501423,2915,0,GA
310583,5,3.5,3073,16368,2.5,0,4,1,6,1985,0.0,38069,38.845828847746034,-118.29819474917224,3073,0,WV
156496,4,3.0,1775,20059,3.0,0,0,2,7,2012,2022.0,97342,40.77986151963861,-109.30881650524344,1775,0,GA
565999,2,3.5,3625,3154,1.0,0,4,5,7,1977,0.0,24407,29.670862103789563,-81.14746016243362,3625,0,FL
140517,5,1.5,1733,6555,2.5,0,0,1,3,1941,2019.0,69201,34.37721861411098,-118.58576123629321,1448,285,MT
125801,1,4.0,2336,10713,2.0,0,3,3,7,1944,0.0,90093,47.71753223148985,-105.71642840076309,1449,887,OH
271268,3,1.5,1612,8056,2.5,0,4,2,5,1943,0.0,64348,30.918818144576175,-101.93214253892296,1612,0,NE
304377,5,4.5,1326,11996,1.0,0,3,3,8,1990,1996.0,91981,41.040656850817456,-88.51215359592666,1326,0,NM
91767,5,2.0,3044,14579,1.0,1,3,3,12,1932,0.0,27878,42.76358544874218,-114.98643919399622,3044,0,ME
774067,3,2.5,5121,13746,1.5,0,1,5,8,1959,0.0,93100,35.75508878716383,-74.94554405006656,4178,943,TX
129383,5,3.5,1638,13048,2.0,0,4,4,7,1985,0.0,88629,47.50062368222999,-98.49009257842236,1638,0,PA
698408,1,4.5,3215,18295,1.0,0,0,5,6,1992,0.0,65420,42.67976164525097,-71.72976242280828,3215,0,CO
316648,1,4.5,1674,2055,3.0,1,0,2,2,1982,0.0,53168,35.99018991666155,-97.3314149228659,1674,0,IA
127355,3,4.0,1989,17400,2.0,0,4,2,6,1982,0.0,64862,38.664044842626254,-108.3227052403782,1526,462,NH
705986,4,3.5,3757,7935,2.0,0,1,5,13,1969,0.0,99622,41.62272264220242,-115.91575676480254,2023,1734,WA
183422,2,3.5,926,13925,3.0,0,1,4,12,2008,2020.0,92025,39.212564330301234,-123.78652960145676,926,0,VT
194685,4,2.5,661,4851,2.5,0,1,5,11,1982,0.0,38004,46.08874201182582,-93.66702335586437,661,0,CA
412067,5,1.5,1912,5457,3.0,0,0,2,9,1976,0.0,30471,33.56532789472963,-117.89206827516537,1912,0,IN
414436,2,4.0,2663,13310,3.0,0,3,4,2,2022,2022.0,70167,32.197257761339316,-101.67151747302285,2663,0,AK
92957,3,4.5,2463,356,2.5,0,1,2,1,1925,0.0,93828,30.132133347886345,-90.41150960948606,2463,0,MN
91610,3,1.0,2360,14947,2.5,0,0,4,11,1985,0.0,75308,25.906791233550283,-108.28590387654609,2360,0,UT
83695,2,4.5,2034,16299,2.5,0,0,4,13,1920,0.0,93969,26.03233514512133,-114.01221533513143,2034,0,VA
287876,1,3.0,2786,10888,2.5,0,3,5,5,1999,2003.0,24568,45.881324634622786,-79.84086751126753,2786,0,ME
50000,2,3.0,-913,10708,2.5,0,4,5,11,2019,2019.0,19466,41.281435513741776,-70.03290317994762,-747,-166,MS
159415,5,4.0,1249,5831,3.0,0,4,5,6,1901,0.0,67324,40.85277797047567,-118.27489618186794,1249,0,MD
255367,1,3.0,1906,13372,1.5,0,1,4,3,1946,0.0,25467,39.751427654437265,-115.13135151005456,1005,900,WA
465716,3,3.0,2704,11738,1.5,0,1,4,8,2007,0.0,85955,45.38125947265851,-69.27927853659503,2704,0,NE
422865,2,4.5,3489,5392,1.0,0,3,2,7,1929,0.0,62948,36.52640621597506,-121.84629935670196,1796,1693,MS
69524,4,2.5,1114,8042,1.5,0,1,3,2,1926,1969.0,26676,45.889859885399204,-68.27495681662307,771,343,KY
937908,4,1.5,3457,9203,1.5,0,3,5,12,1970,0.0,41514,33.62668062837374,-123.73526446415563,3457,0,MO
151181,5,3.0,1547,8035,3.0,0,0,2,7,1919,0.0,32650,47.240980104138174,-74.20088662787411,1547,0,VA
91922,4,2.5,1870,3185,2.5,0,1,2,1,1949,0.0,98290,41.767767521949764,-106.48246468369828,1870,0,NM
96275,2,3.0,2581,13495,2.5,0,0,1,9,1994,1994.0,87701,31.172251264586254,-70.5004350838941,2581,0,NV
159260,2,3.0,1796,8782,3.0,0,2,5,13,1922,1970.0,20683,38.538038120527006,-105.93411854777163,1796,0,WY
139129,4,1.5,3110,10076,1.5,0,3,2,7,1912,0.0,69819,37.79273347571814,-86.70453967255881,3110,0,NV
217532,2,3.5,1595,7108,3.0,0,2,1,6,1980,0.0,90978,28.309571721528016,-119.43814352334161,1595,0,MI
191955,5,1.0,1610,12376,1.0,0,1,5,13,1903,0.0,14860,39.18982973801474,-110.18720074713687,1418,191,CA
316240,1,1.0,3051,10993,2.5,0,0,4,2,2020,0.0,13729,32.55485496920699,-79.9002772506827,2065,986,UT
50000,5,1.5,1236,16063,2.0,0,1,1,3,1913,1960.0,41351,26.25637040343046,-93.86490634030727,1236,0,TN
50000,5,2.5,2248,12402,1.0,0,2,4,1,1919,1949.0,72744,47.76774778495756,-71.10576347813844,2248,0,DE
50000,2,4.5,339,8986,1.0,0,1,3,10,1912,0.0,34346,40.395768857542905,-99.56116972454281,339,0,PA
280517,1,2.5,3819,6301,3.0,0,4,3,13,1902,1939.0,84155,46.04605436490033,-74.42069514860638,3819,0,NV
696047,2,4.0,3206,14329,1.5,1,2,3,5,1989,0.0,86700,41.22534412031808,-98.40954006374047,3206,0,WA
207003,3,4.5,4750,8587,2.5,0,1,3,9,1989,0.0,16955,33.567608611362715,-68.18284811398684,2532,2217,ID
239300,2,1.5,3338,9141,2.0,0,0,2,13,1981,0.0,75642,37.304513735891476,-69.28944026026403,1737,1600,MO
116532,2,3.5,870,9140,1.0,0,1,3,6,1995,0.0,80290,41.21792224833225,-105.23920778330341,870,0,PA
87781,2,1.0,2668,7991,2.0,0,0,2,5,1977,0.0,54293,48.0460558048345,-73.50235078624222,1378,1290,UT
78041,1,3.0,1081,9227,1.5,0,4,2,12,1946,0.0,71336,31.088067018920714,-75.686151669708,605,476,IA
271168,2,4.0,3578,19631,1.5,0,1,5,3,1902,0.0,31662,45.999449406978826,-111.99121735232892,3052,525,UT
50000,1,1.0,898,4760,2.0,0,4,2,5,1900,0.0,16408,47.177867327062465,-88.41544715535363,479,419,SD
117201,4,3.5,850,5927,2.5,0,2,2,8,1989,0.0,50403,41.08997235181496,-119.85710801138055,850,0,ND
50000,3,2.0,390,16921,1.5,0,0,3,12,1923,0.0,11225,47.3503990576321,-76.30748892674268,390,0,VT
243054,1,3.5,1511,8125,2.0,0,2,2,2,2012,0.0,22196,34.549086099456844,-114.0508846403007,1511,0,IL
195780,4,1.5,1310,7746,1.0,0,0,4,5,1934,0.0,79786,47.87238822497063,-119.96356202101143,1310,0,DE
50000,1,2.5,738,15174,2.0,0,4,3,6,1913,0.0,25372,41.866789051983396,-101.18751155428777,471,266,IL
106668,1,3.5,3989,2899,2.0,0,3,1,10,1966,0.0,27279,26.008138418051487,-91.11543809982032,3989,0,OK
185419,3,3.0,2529,14107,3.0,0,1,3,8,1912,1946.0,64240,46.764947963657264,-75.26973336209305,2529,0,CO
358083,5,3.0,2412,10228,1.5,0,4,2,8,1946,0.0,48187,36.627347416796624,-68.46817604526102,2412,0,PA
863737,5,3.0,3589,12324,2.5,0,0,4,5,1949,0.0,58481,36.04784763466799,-98.94892678351778,2369,1219,NY
897481,1,3.5,2256,12230,2.5,0,0,3,9,1977,0.0,38475,38.59519854351122,-120.5545253898396,1849,406,MA
211561,2,2.5,1251,6860,3.0,0,0,4,4,1984,2007.0,54552,28.58522912250947,-81.30041199552537,707,544,UT
50909,4,4.5,299,15255,2.5,0,0,1,12,1925,0.0,77969,36.259985165617564,-91.78512439523556,299,0,UT
80814,2,2.5,1194,7249,2.0,0,1,1,9,1902,0.0,86534,44.9470532012259,-98.4701933438656,1194,0,WI
461106,2,2.5,3505,12044,3.0,0,2,5,11,1950,1950.0,16858,25.37157901930037,-106.3716739088452,3046,459,CT
50000,1,2.0,744,16188,1.0,0,3,5,7,1939,0.0,84486,31.550011847784912,-95.36328391291846,562,182,MT
364525,1,4.5,2353,16894,1.5,0,1,3,6,1967,0.0,84474,25.05891007465226,-104.69526254594923,2353,0,IA
90696,1,1.0,3033,8664,1.5,0,0,5,4,1935,0.0,35168,34.977071419596356,-80.85032353840046,3033,0,WI
176558,1,4.5,2285,12315,1.5,0,1,4,2,1950,0.0,42099,42.47957225184963,-92.99805929991946,2285,0,TN
248932,5,2.5,2398,8202,2.0,0,4,5,8,2006,2008.0,81180,44.170523898751085,-74.01967687321562,2398,0,MN
124489,1,3.0,2655,22518,1.0,0,0,4,6,1900,0.0,71455,47.684554267048156,-93.0179968649818,2655,0,PA
930885,5,3.0,2379,13900,3.0,0,3,5,12,2003,0.0,64240,39.60411071129887,-110.419042439624,2379,0,SD
50000,5,2.5,3609,10420,3.0,0,0,5,3,2010,0.0,84796,31.111044799669493,-75.48776271276776,3609,0,IA
79072,1,3.5,959,11562,1.5,0,3,5,7,1932,0.0,64592,47.179550779280774,-92.2385144389875,959,0,WV
50000,3,2.5,2240,12035,1.0,0,3,2,10,1906,0.0,57458,43.60757809312903,-112.21006082581701,1324,916,SC
50000,4,3.5,181,12183,1.0,0,2,2,7,2016,0.0,68046,38.78628359207547,-88.46005483249533,94,86,KS
50000,2,4.0,-73,8800,1.0,0,2,5,6,2015,2022.0,26488,41.69536517725446,-103.61014439828163,-73,0,NY
224639,5,1.5,1918,8028,2.5,0,1,4,2,1951,0.0,68841,47.1835925201783,-75.86888009935225,1918,0,OR
106035,4,1.0,2543,9240,2.5,0,1,3,8,2019,2021.0,10395,42.09745668335012,-98.16191489714706,1693,850,LA
162958,3,4.5,3630,4301,1.5,0,3,1,1,1910,0.0,62669,33.84098818203361,-82.59284258787724,3630,0,MD
439021,2,4.0,4419,13591,1.0,0,0,2,13,1926,1992.0,20845,42.11267685493832,-118.55443616473448,4419,0,VA
120079,2,2.0,3319,5991,1.0,0,4,5,1,1913,0.0,46059,25.96667590564931,-101.42661226076626,3319,0,AK
290469,5,2.5,2727,4700,3.0,0,4,1,6,1985,1985.0,28394,34.27397348393395,-67.95523812107328,2727,0,MN
211622,1,2.0,2159,9928,3.0,0,0,2,5,1979,0.0,55906,34.751752764293904,-77.91776349980255,2159,0,NJ
50000,3,3.5,468,9349,1.5,0,0,3,9,1945,0.0,69332,29.004117626100033,-114.88337426508507,417,51,AZ
637000,5,2.0,1853,11248,1.0,0,2,4,13,1975,1999.0,47305,25.554051533242486,-108.16744917979646,1853,0,VA
1061339,3,4.5,3290,7158,1.5,0,4,5,12,2012,0.0,52628,28.20114967930583,-105.20049889518742,1732,1558,RI
50000,1,1.0,2898,8037,3.0,0,3,3,7,2009,2009.0,31352,40.71091589912932,-86.92916305175959,2898,0,WA
50000,1,3.5,713,13460,3.0,0,1,2,2,1909,1916.0,96682,44.2549315927285,-80.85129870908963,547,165,WI
149478,5,2.5,2614,13156,2.5,0,2,5,13,1923,0.0,92971,48.71688382544738,-81.27698329794914,2331,282,AL
271681,1,3.0,2528,12947,1.5,0,4,1,12,1960,0.0,61993,33.312724074603864,-94.93717879053504,2528,0,SD
175180,4,3.0,2349,10169,1.5,0,0,4,7,2009,0.0,49386,39.38510133426644,-77.78322934322537,1324,1025,MI
106493,2,2.0,1972,10844,1.0,0,4,2,3,1917,1976.0,66624,47.491479203562925,-99.08654928282392,1972,0,NH
822353,5,3.0,2665,11152,1.0,1,3,4,1,1985,0.0,67065,29.009002752115663,-116.93880777815298,2665,0,IN
165769,3,1.5,2697,6719,2.5,0,2,5,11,1908,0.0,95504,42.223494072225826,-91.82681502573264,2697,0,WV
50000,4,4.0,1358,17370,2.0,0,0,3,8,1916,0.0,18539,43.11948959557992,-69.71882107773692,1358,0,NV
449108,5,4.5,2455,16657,2.0,0,3,4,12,2001,0.0,11263,27.135412860864122,-78.79936187062685,2455,0,MA
93561,1,1.0,1810,13971,2.0,0,1,1,3,2003,2004.0,23305,45.66998524439356,-91.01406308154219,1810,0,VT
50000,1,3.5,512,7870,1.5,0,2,2,11,1957,2008.0,63817,44.514521130660256,-87.13207736010148,512,0,NY
145119,1,2.5,1438,12695,1.5,0,3,1,8,1912,1994.0,34398,25.801672157858427,-70.95796445897236,1438,0,CO
50083,1,3.5,436,14891,3.0,0,3,4,7,1949,0.0,85801,27.186025957121235,-99.58446071720725,436,0,AL
106229,3,1.5,2980,3884,1.5,0,0,3,12,2000,2018.0,59107,26.179045453404456,-105.11053408026967,2459,520,MA
189131,4,3.0,2355,18472,1.5,0,1,3,2,1905,0.0,42152,33.03384476318469,-68.29723079497441,2355,0,AR
316945,2,4.0,1644,1303,1.5,0,3,1,13,1984,0.0,40624,37.222935776318224,-74.783741389911,1124,520,AZ
758020,3,3.5,3420,13523,2.5,0,2,5,1,1950,0.0,66132,37.776345470911096,-105.58651567673967,3420,0,WI
50000,3,1.0,2067,17266,1.5,0,3,5,7,1935,0.0,62979,31.424002234466624,-97.5645059504274,2067,0,NJ
54026,2,4.0,568,9434,1.0,0,4,3,13,1970,0.0,68013,46.87832527744658,-100.34054664655545,568,0,NM
297518,2,3.5,1560,9247,1.0,0,2,1,1,1999,0.0,73797,33.83830695692592,-115.50154631572826,1560,0,ND
115807,1,3.0,3632,13338,3.0,0,2,1,6,1924,0.0,61798,26.09320374316846,-69.40429854264423,3632,0,ME
86200,3,4.0,1330,19259,2.5,0,3,1,13,1910,0.0,26650,32.20545067699327,-100.95419142047375,1330,0,MD
353638,5,2.0,2275,8594,1.0,0,0,4,11,1943,0.0,36014,37.746626141059735,-74.10624228963925,2275,0,MN
112497,2,4.5,2743,6095,2.5,0,2,5,10,1913,0.0,86421,34.79732374211757,-113.2066950222021,1851,892,SC
346612,2,2.0,2589,7881,2.5,0,4,5,11,2008,0.0,17434,31.57222045838222,-92.77136379367847,2589,0,MO
50000,4,1.5,4449,2237,3.0,0,0,4,10,1928,1970.0,40028,28.15175799434362,-122.63420104791662,4449,0,IA
50000,5,1.0,823,14488,2.5,0,0,2,8,1973,2010.0,76558,44.65994800230951,-80.43943242098841,634,188,PA
128316,5,4.0,923,7429,1.5,0,0,4,7,1949,0.0,34331,48.9074858109806,-90.88790779996214,466,456,MN
50000,2,4.0,840,8958,2.5,0,2,1,4,2011,2021.0,77573,32.90901120457317,-88.3413937422241,604,236,AK
117503,1,1.5,1704,14548,3.0,0,0,4,1,1904,0.0,84292,34.158905060238496,-121.05190969438475,866,837,IA
50000,4,2.5,3099,8115,3.0,0,3,1,1,1971,0.0,56326,39.83290059224697,-111.97081517810892,3099,0,UT
80477,5,1.0,968,13795,3.0,0,0,3,4,2009,0.0,92979,42.24259539365299,-119.76314027584593,968,0,OH
356450,2,4.5,3113,4809,1.0,0,4,1,5,1968,0.0,14123,34.40870883528619,-107.53188399918272,3113,0,GA
537609,5,1.0,2035,14793,1.5,0,1,5,12,2021,0.0,26603,46.71830840756357,-88.2359765621174,1213,821,IN
50000,4,4.5,891,11709,1.0,0,4,4,7,1987,2008.0,75941,38.44009574149404,-91.72739889390962,891,0,NE
53135,4,4.5,248,9557,2.0,0,2,1,4,2003,2006.0,52597,35.809361833742344,-89.10746016803675,248,0,IN
50000,3,1.0,472,10654,1.5,0,0,2,10,1956,0.0,73238,40.52014607583772,-92.69267753146002,472,0,OH
50000,2,2.0,1334,3566,2.5,0,0,3,12,1925,0.0,94238,47.867292357980155,-108.43735864647601,1334,0,NC
135413,4,3.0,1830,10540,3.0,0,3,2,1,1905,0.0,52719,44.06925506612093,-110.06307265136776,1830,0,AL
185979,3,1.0,3346,9291,2.0,0,0,2,11,1915,1929.0,51751,25.960315132842986,-116.18759803841486,2801,544,ND
152612,3,3.5,2799,3702,1.5,0,4,2,10,1959,0.0,96978,32.97543785775903,-75.60296013050095,2799,0,ME
116846,5,1.5,1161,6644,1.0,0,2,3,7,1999,0.0,27693,36.29307243882934,-88.86067656314907,693,467,MS
185640,5,3.5,2408,9353,3.0,0,1,3,2,1911,0.0,99541,32.54842173301853,-113.36887228726859,2408,0,TN
322083,3,2.0,3651,6963,1.0,0,0,3,13,1974,0.0,47697,41.80450145993096,-113.89906535018935,3651,0,AR
305262,5,2.0,3873,-2060,1.5,0,1,3,11,1902,1964.0,39992,44.83045959670194,-74.23697071301021,3873,0,OK
263482,4,1.5,1685,15381,1.5,0,0,2,2,1962,0.0,73825,42.55228228444652,-81.6643407654908,1685,0,IL
142233,1,4.0,2958,9289,2.0,0,2,5,8,2007,0.0,19522,48.743998883878604,-86.41425244539383,2958,0,NY
1100941,4,3.5,3389,-1369,2.5,0,4,5,12,1963,0.0,55406,31.541143549432697,-100.80874587025991,2577,812,FL
50000,3,4.5,492,20674,1.0,0,2,3,10,1961,2016.0,22121,45.99974788058611,-109.0673928361245,492,0,RI
217108,3,4.5,1487,16206,2.0,0,1,4,10,2000,2022.0,24219,43.398943964187666,-68.17130650256905,1487,0,KS
333981,4,4.5,4220,8255,3.0,0,0,1,10,1905,0.0,11617,33.69229018139551,-78.5573442237004,3560,659,WY
197773,5,2.5,1698,5787,2.5,0,1,4,5,1918,0.0,53016,42.61898904776724,-106.79858428123224,1698,0,AZ
50000,5,1.0,-928,12015,2.0,0,4,4,10,1917,1971.0,60672,27.49782295403793,-75.6888066121258,-718,-210,MD
172330,3,1.0,1879,11011,1.0,0,2,4,2,1979,0.0,34276,43.94400357617326,-80.74087892896316,1879,0,GA
208391,2,2.0,3124,12710,1.5,0,1,5,5,1986,0.0,82240,37.77593446209046,-107.0664086569541,3124,0,MI
62491,5,2.5,2006,5801,3.0,0,1,1,8,1942,0.0,65735,32.01496414502208,-99.68648730822653,2006,0,WV
562198,4,1.5,2715,15488,1.0,0,4,4,6,2000,0.0,27959,40.73865524282032,-113.40065361271148,2715,0,AZ
832007,5,4.5,2938,7632,2.5,0,0,3,3,1972,0.0,38522,40.39887996914582,-117.67001067044777,2069,868,HI
83320,4,3.5,1645,13403,2.5,0,1,5,8,1902,0.0,66087,30.027669345270393,-82.80256412813728,1434,210,MO
257769,3,3.0,1480,6015,1.5,0,4,3,9,1971,1984.0,19953,25.729537955476626,-108.7518241308296,1011,469,TN
153998,5,3.0,2153,23240,1.5,0,0,3,5,1937,0.0,36567,35.406942085640175,-77.25661615246355,1444,709,WV
579339,4,4.5,2177,13477,3.0,0,0,4,13,1967,0.0,70523,38.66828486426611,-67.25030344367772,1650,527,DE
253705,3,1.5,2054,24421,3.0,0,2,3,2,1975,0.0,72708,46.038526680894364,-119.63267060601002,1516,537,FL
73547,2,2.5,2095,14138,1.5,0,4,1,2,1943,0.0,32560,47.27720309554226,-97.03699787022909,1083,1011,IA
120931,4,1.0,1251,7192,1.5,0,0,3,7,1994,2002.0,68390,37.69132523576239,-78.28243411928423,1251,0,NY
560774,2,4.0,2750,14146,2.5,0,2,4,1,1988,0.0,78149,43.091283610445075,-79.02979889714969,2386,363,AZ
276982,2,2.0,2599,14502,1.5,0,3,3,10,2016,2016.0,46660,35.54327853587193,-80.6801619751348,2599,0,AR
89124,1,4.5,663,11866,2.0,0,4,5,12,1979,0.0,55104,42.905971757749434,-104.10728868779108,663,0,NJ
268734,5,3.5,1610,13151,1.0,0,3,5,2,1962,0.0,67805,29.915236598540005,-98.13036442595202,1610,0,IL
404060,4,3.0,2093,13808,1.5,0,0,5,10,1941,0.0,34496,33.905553635284754,-90.0868036315362,2093,0,UT
122147,2,4.5,1465,5031,3.0,0,4,2,4,1963,0.0,93301,40.22147197152675,-68.48538673632433,1465,0,MA
292103,1,2.0,2637,4675,2.0,0,2,5,1,1953,0.0,13515,25.435791174569893,-105.3298055565059,2637,0,SD
226973,3,2.5,1933,6028,3.0,0,0,5,4,1977,0.0,14454,42.339071448134895,-71.3807984001391,1933,0,VA
132462,4,1.0,2169,10637,2.0,0,4,2,13,1976,0.0,32873,45.052852030436,-108.64665566371184,2169,0,ME
371539,2,3.5,1599,8884,1.5,0,4,5,12,2004,0.0,83920,34.57939986625483,-67.62275546799884,1599,0,RI
50000,5,1.0,6,5122,1.0,0,3,4,11,1970,0.0,23727,35.75061801225195,-85.79496985082727,3,2,WV
50000,1,1.0,-50,13876,3.0,0,0,5,13,1975,0.0,79070,45.43077309319675,-97.5798456195626,-50,0,MI
409537,2,4.0,2589,11415,2.0,0,2,5,10,1936,0.0,59979,43.615711247824805,-89.03674560037453,2589,0,MD
335015,5,4.0,2266,10844,2.5,0,2,2,5,2013,0.0,35465,31.915587736801,-108.46572336470821,1953,313,OR
176441,2,1.0,2438,8710,1.5,0,0,4,9,1903,0.0,63900,32.77542655747693,-108.3720901218464,2438,0,NM
121953,4,3.0,2134,8108,1.0,0,0,3,1,1901,1910.0,69799,41.29307757737432,-117.52739100092086,2134,0,GA
321549,4,4.5,2214,5793,1.5,0,1,1,12,1998,2022.0,31330,38.51675421875587,-117.49913303079227,2214,0,LA
311936,4,1.5,2969,14668,2.5,0,3,4,5,2021,0.0,18302,28.893509706315925,-104.18271073627206,2328,640,TX
162412,1,1.5,2444,6482,1.0,0,0,3,2,1943,0.0,88443,32.43831782149999,-80.5172377599068,1386,1057,RI
376847,4,1.0,3040,11046,2.5,0,0,4,9,1966,2005.0,99966,46.599598645087696,-89.34564344690475,3040,0,VA
117643,5,1.0,2171,18310,1.5,0,1,3,6,1967,0.0,82717,41.51618648133432,-118.15268006113182,2171,0,MD
431775,2,1.5,1699,8338,2.0,0,1,3,2,2001,0.0,22875,48.663383624452464,-75.42251807637308,884,815,LA
130856,3,1.0,2194,14803,1.5,0,4,4,3,1975,1991.0,37219,43.40830071953847,-89.72204526156622,2194,0,HI
50000,5,4.0,1163,12843,1.5,0,2,2,8,1982,0.0,46182,47.60738637144617,-69.23123212326755,1163,0,MI
442799,5,3.0,1620,11557,1.5,0,3,4,1,1973,1979.0,90541,30.18852577289141,-85.79942835756117,1620,0,UT
342996,4,1.0,2177,12151,3.0,0,4,4,12,1961,0.0,52269,43.515636995606215,-114.01503276886169,2177,0,LA
122933,1,2.0,2164,9525,2.5,0,0,3,3,1900,0.0,89781,25.48522048354714,-96.99434834845414,2164,0,ND
177063,2,4.5,1893,10173,2.5,0,1,1,13,1916,0.0,16457,41.09824052107682,-87.03563693980936,984,908,MN
50000,1,4.5,611,7259,2.5,0,2,3,10,1915,1955.0,16749,36.26277467488579,-122.38891204015127,611,0,AL
61532,2,1.5,2636,10207,3.0,0,4,5,1,1908,0.0,43064,33.32224172608164,-123.15011494317595,2636,0,GA
553125,2,4.5,2834,7073,2.0,0,2,4,11,2020,2020.0,19821,45.69770445503414,-116.62402896588164,2834,0,AL
169288,1,1.5,3643,15028,1.5,0,1,4,11,1952,0.0,88655,45.50242462378074,-109.65512720240817,3643,0,PA
502134,5,3.0,2441,1502,2.0,0,4,2,8,1972,2018.0,17664,25.535240917567446,-99.5156999593215,2133,307,RI
184951,2,3.0,2001,12405,3.0,0,4,3,1,1958,0.0,39281,39.62812293878635,-96.21589299569206,2001,0,WI
52650,1,4.0,986,11682,2.5,0,2,2,13,2018,0.0,41821,33.827973383702954,-116.13242629053988,690,296,FL
173612,2,4.0,3492,11230,1.5,0,1,4,5,1908,0.0,34647,34.975864036010776,-85.61667999039764,2235,1256,NM
174674,3,2.5,2247,15122,1.0,0,0,3,4,1911,1926.0,79918,44.968977741250626,-90.02013048329752,2247,0,CT
264288,5,4.5,2193,8569,1.0,0,4,3,7,2018,0.0,91985,32.43615451666428,-107.21554636605387,2193,0,KY
96747,4,2.5,1745,11277,2.0,0,0,5,5,1940,0.0,92799,47.633171455302886,-123.22138664418836,1745,0,OH
87387,2,3.0,1682,1417,2.5,0,1,5,8,1914,0.0,84944,29.311211832931377,-119.57406882486242,1682,0,WV
329395,3,3.5,2688,7923,1.0,0,4,1,12,1965,0.0,99142,40.905338160836266,-101.67339779588215,2688,0,OR
80987,4,1.0,978,14278,2.0,0,4,5,11,1974,0.0,37603,41.130521608330355,-115.22346198355602,978,0,LA
195313,4,3.5,3625,3304,3.0,0,0,3,1,1910,1971.0,56458,31.052683874270038,-102.52128244956566,3192,433,NC
154803,2,2.5,3407,10798,2.0,0,3,5,5,1907,0.0,80605,32.794014615212845,-88.19359154290976,2864,542,AR
50000,1,4.0,1645,6612,2.0,0,0,1,4,1954,1982.0,29623,45.03516382191857,-92.80746661088084,1645,0,MN
50000,2,1.0,1136,9445,2.0,0,0,4,3,1995,0.0,54440,43.28332611891886,-110.82297466116853,1136,0,HI
50000,3,2.5,-15,6911,1.5,0,3,5,5,1905,0.0,92427,32.89830112755423,-104.40211799825111,-15,0,FL
80889,4,4.5,748,3764,2.0,0,1,3,10,1952,0.0,17704,37.814957126438415,-89.0002216884269,632,116,NJ
134366,2,1.0,2729,11930,2.0,0,1,4,3,1919,1919.0,37460,26.480327110074292,-74.93126340152342,2729,0,DE
296775,1,3.5,2315,9752,1.5,0,4,3,8,1938,0.0,93045,30.0099011775671,-81.066833991884,2315,0,SC
589740,2,2.5,2493,13063,1.5,0,2,4,13,1998,0.0,92805,36.659693412649574,-92.45619847049535,2493,0,CA
50000,5,4.0,154,13972,3.0,0,2,3,3,1971,0.0,83511,27.063369646701076,-103.34929909596029,154,0,ID
190296,1,1.5,1604,16126,2.5,0,4,5,1,2013,2015.0,16565,45.239976517406504,-103.19207718011708,1604,0,AL
146060,3,1.0,3367,10667,1.0,0,2,5,9,2012,0.0,98003,42.23214904258355,-73.87321331492942,3367,0,IA
237550,4,3.5,1903,16343,1.0,0,0,1,9,2006,0.0,14870,47.647208095563876,-121.76311616568886,1903,0,MO
50000,2,4.0,727,5121,2.0,0,0,4,6,1933,0.0,28909,41.64320574313665,-67.68498926804511,727,0,LA
187981,1,3.5,1888,14544,3.0,0,3,1,10,1956,0.0,19117,47.56963293429246,-86.13060158146095,1888,0,PA
99022,5,3.0,1228,12296,2.0,0,3,2,1,2016,2018.0,77474,38.308301336583156,-85.17515115287374,895,333,TN
533903,1,4.5,2333,11165,1.0,0,4,5,8,2022,0.0,54322,39.40524666548727,-121.8341232736297,2333,0,VA
802105,5,4.0,2020,12223,1.5,0,4,4,2,2019,0.0,30128,48.44730531103026,-89.48483133119748,2020,0,MT
179747,3,4.5,2543,5196,2.5,0,4,1,9,1918,0.0,79001,40.41109952474225,-96.36765057484452,2543,0,SC
88555,4,2.5,782,4016,3.0,0,0,1,8,1970,0.0,10440,25.73887765265792,-117.97060230703818,782,0,AZ
181226,3,4.5,1551,18549,1.5,0,2,2,3,1930,1961.0,70955,42.37126663913256,-108.15844538614652,1551,0,MI
178884,2,1.5,3090,9156,2.5,0,4,1,13,1981,0.0,59613,46.73124861129797,-73.25207599582188,3090,0,MT
72930,1,3.5,645,9085,3.0,1,4,3,5,1939,0.0,80949,44.09392599506384,-92.65066029564068,645,0,ME
80236,5,2.5,996,4488,3.0,0,0,5,9,1913,2013.0,21663,39.011998543010144,-100.43525521508721,996,0,UT
325150,5,4.5,2199,2591,1.0,0,0,1,13,2002,0.0,29547,41.111284314244394,-119.85711711707377,2199,0,UT
106048,1,2.5,2286,9558,1.5,0,0,1,1,2016,0.0,91662,48.76460294204012,-83.29507293806859,2286,0,WA
194561,1,4.5,1511,8292,3.0,0,2,2,9,2022,0.0,10005,27.175890124224118,-83.93750306642615,794,716,RI
193652,2,2.0,1721,10008,3.0,0,4,3,4,1999,0.0,17038,41.01387588719775,-88.99951440256388,1446,274,OK
927150,3,3.0,2533,10435,2.5,1,1,1,4,1980,0.0,16414,31.801544669694252,-94.915029165423,2533,0,MA
455574,5,3.5,2849,22447,1.0,0,1,5,4,1936,0.0,97659,40.362169518068086,-99.27428907417976,2849,0,SD
92270,2,1.0,930,8307,2.0,0,4,5,10,1943,0.0,79506,39.58296582121453,-90.18354769968444,930,0,WV
50000,3,1.5,2364,17899,1.0,0,4,1,12,1908,1939.0,86586,28.68296397059589,-110.69645925148082,2364,0,MT
577204,2,4.5,3512,18210,2.0,0,4,3,9,1957,1976.0,12606,29.96191949776574,-70.34823334187408,3512,0,IL
161564,5,3.0,1884,13768,1.5,0,4,5,6,1919,0.0,26482,39.91910987303712,-90.43871183672692,1884,0,OK
194135,1,2.5,920,8824,1.5,0,2,5,11,2008,2014.0,81873,28.077518735290578,-106.26203067180055,814,106,MS
50000,1,2.5,873,3192,3.0,0,1,3,8,2020,0.0,43948,31.36434100312775,-98.36824849954604,510,363,SD
103420,3,2.0,1839,12389,1.5,0,3,3,12,1991,0.0,99987,45.04589314571206,-78.07596703401714,1625,213,MT
245568,4,1.0,3035,15094,3.0,1,1,1,4,1949,0.0,30875,32.85019614403933,-114.78788453837305,3035,0,MA
50000,3,2.5,1959,18738,1.0,0,1,4,3,1919,0.0,23057,36.71344375047191,-107.30836951976517,1959,0,LA
180098,4,1.0,2189,5250,1.5,0,0,2,1,2004,0.0,42400,47.58736804350016,-85.26804270401634,2189,0,IA
50000,2,1.0,1003,8782,1.0,0,4,4,10,1935,0.0,81458,30.45157813208671,-106.01711523051324,1003,0,IA
632041,2,4.5,2983,5280,1.0,0,4,4,7,2016,0.0,78607,34.35102441659225,-78.82740413389644,2983,0,CO
85302,5,2.0,854,6832,1.5,0,4,5,4,1926,0.0,97561,39.554986613045095,-116.56415123089043,854,0,TX
295707,4,2.0,1495,13321,1.0,0,0,3,8,1971,1979.0,37503,43.12813430809533,-80.5268882840873,1173,321,NM
394648,5,3.5,2629,6603,1.5,0,2,5,3,1931,0.0,33765,46.63968128110493,-120.10395225351772,2629,0,NV
50000,1,4.0,-39,5878,1.5,0,2,2,1,1900,2007.0,56612,46.97135170176436,-123.2822210779528,-39,0,DE
76186,4,3.0,2173,13984,1.5,0,3,1,5,1916,1927.0,94335,43.63936178494295,-72.80125942656676,1528,645,NH
230022,3,4.5,960,12253,2.0,0,2,2,2,2020,0.0,91748,30.47994007823945,-90.86366463485898,960,0,MA
50000,1,2.5,2016,11750,1.0,0,2,5,3,1908,0.0,19428,25.595423921021577,-103.94586686605174,2016,0,KY
337423,1,1.5,1647,6735,2.5,0,4,5,6,1983,2001.0,41419,34.210574328534975,-110.74210569306052,1647,0,WI
443344,3,1.0,4105,16465,1.5,0,1,5,3,1944,0.0,75195,28.397172423707758,-88.83751035413349,4105,0,MS
116686,1,1.5,1606,10072,1.0,0,2,5,3,1995,0.0,83695,42.049303538519155,-94.98687553840593,1606,0,WY
50000,4,1.5,3842,21900,3.0,0,2,4,12,1965,2006.0,99846,40.867134083817206,-67.47892679479085,3842,0,OK
266411,5,1.0,2586,10805,1.5,0,0,1,6,1931,0.0,49142,26.055319398914918,-67.95668876073648,2586,0,NM
87087,1,3.5,1198,-1666,1.5,0,3,4,5,1944,0.0,81540,45.07825069914283,-87.80359972992825,1198,0,WA
398392,4,4.5,2330,-1889,2.5,0,0,5,10,1908,0.0,48289,30.969838390988375,-98.75638115196423,2330,0,ND
50000,2,2.5,1695,13119,2.0,0,4,3,9,1929,1998.0,86948,35.373449811785015,-96.00496475932425,942,753,AK
173478,4,3.5,2242,16502,2.0,0,1,4,1,1983,0.0,68951,41.03040965093782,-85.09869322449887,2242,0,TN
188034,5,4.0,1286,6080,1.5,0,3,5,13,1937,0.0,21755,35.30605088445408,-118.21025097858326,1286,0,AZ
520115,4,1.5,3690,20504,1.0,0,0,5,3,1959,2021.0,94553,35.590907267198645,-105.28393179278906,3690,0,NJ
136632,3,4.5,2925,18314,3.0,0,2,1,3,1900,0.0,13890,26.57507188805777,-119.70948226279458,2585,339,DE
482748,5,4.0,2031,11052,3.0,0,2,2,11,2020,0.0,27175,34.63464518224009,-119.81843670753558,2031,0,CT
63832,2,1.5,3729,12697,1.0,0,3,4,6,1904,0.0,84727,43.356349437279604,-112.83716321202868,3729,0,ID
148109,3,1.0,2074,14472,1.5,0,2,4,8,1962,0.0,75687,46.96423209247835,-96.34056448818606,1129,945,ME
306761,4,1.0,3097,19449,3.0,0,0,4,3,1998,0.0,94983,34.92393128952092,-79.26786369372101,1719,1378,MT
275595,5,2.0,2038,13410,2.0,0,0,5,3,1935,0.0,98287,35.16605984509789,-96.32673420354527,2038,0,NV
187348,2,1.5,2393,10939,1.0,0,2,1,6,1964,0.0,34288,41.86305055176765,-104.87783319803043,2393,0,IA
59959,3,2.0,1918,13361,2.5,0,2,5,8,1977,0.0,56629,47.62652802652664,-119.30587955080479,1664,253,IN
50000,2,1.0,2095,12686,1.5,0,4,5,6,1972,0.0,57800,31.409462565744647,-92.63315517856162,1540,554,WV
374636,4,2.0,2170,14622,1.0,0,1,3,13,1993,2003.0,47367,35.56346095691048,-108.53769057045892,2170,0,IN
167092,2,4.5,1330,2149,3.0,1,3,1,12,1923,0.0,87810,44.10335784525523,-88.9487518587226,1069,260,AZ
50000,1,3.5,1598,11579,1.5,0,0,4,10,1903,1962.0,87754,39.63264566497692,-68.30029886945215,1598,0,WY
643942,3,4.5,1783,12302,2.0,0,3,2,3,2013,0.0,99328,27.654072255134913,-117.65508367577964,1094,688,NH
261854,2,4.5,2229,9635,1.5,0,4,4,4,1977,0.0,78513,40.06558565349438,-111.90885227284943,2229,0,CO
437594,4,1.5,1969,13920,1.5,0,0,5,1,1988,0.0,92762,29.481910830335845,-97.03361132833564,1969,0,WI
290570,4,2.5,3173,19605,2.0,0,4,1,13,1967,0.0,39022,37.2451824178817,-68.78901252528202,3173,0,MN
443544,2,3.5,2847,10691,2.0,0,4,1,8,1924,0.0,79329,37.698478423850524,-80.00684275261025,1965,881,NV
269806,4,1.0,1803,13458,1.5,0,2,1,4,1973,1980.0,69414,46.028880693399636,-72.80093598971868,1803,0,IN
301783,5,1.0,3381,18031,2.0,0,3,3,6,1998,0.0,11659,36.09986257629852,-104.9782536368798,1704,1677,IN
975668,5,1.0,3873,10807,1.0,0,3,4,11,2018,0.0,67941,31.70661813366146,-67.45380699462011,3873,0,MD
50000,5,4.0,-43,5557,2.0,1,2,3,3,1906,1967.0,47930,30.543192357184758,-118.13852948434302,-32,-11,IL
404585,1,2.5,2932,13078,2.0,0,3,2,11,2005,2005.0,53473,45.98204504042407,-120.98054435537225,1571,1360,NE
50000,2,2.0,1307,-1008,1.5,0,2,5,12,1912,0.0,65598,29.10426050603748,-75.23065025792039,796,511,OH
361497,1,3.0,2800,-1491,1.0,0,0,3,11,1967,0.0,26040,35.22084546119545,-71.14590239820178,2800,0,VT
648610,4,2.0,3238,11665,2.5,0,4,3,6,2013,0.0,79806,29.492154758246727,-118.8366346198722,3238,0,AK
50000,1,2.0,1123,-1724,2.5,0,4,5,12,1942,0.0,23286,43.55929696274501,-117.53463667548704,1123,0,SD
50000,4,1.5,147,3424,3.0,0,3,1,11,1956,0.0,79139,36.38494335939086,-122.1090730079209,147,0,VT
50000,4,1.5,2835,8099,2.0,0,1,5,9,1935,0.0,65916,33.42744857336349,-118.04306892936472,2835,0,SC
260644,3,4.5,2135,6392,2.0,0,4,4,9,2019,2020.0,27600,33.666391375035204,-112.06307044238399,2135,0,WV
50000,5,1.0,331,9260,1.0,0,2,5,10,1913,0.0,12291,45.45314096135151,-68.70563272212995,217,114,MS
737232,4,1.5,4529,15564,2.5,0,1,1,3,1981,0.0,23123,38.29057490306651,-85.93196733233822,4529,0,NH
216030,3,1.0,2624,11192,3.0,0,1,5,3,1971,0.0,13811,42.228828427150326,-79.6224775454431,2624,0,AZ
577034,5,1.5,2670,5803,1.0,0,4,3,4,1995,0.0,88883,46.52892439001643,-79.76005398958324,2098,571,VT
50000,4,4.5,3365,16772,2.0,0,4,2,12,1926,0.0,41276,46.64180022497541,-93.50079626258477,3365,0,AR
50000,4,1.5,1419,2855,2.5,0,4,3,7,2005,0.0,64145,32.88421730410872,-78.54312827035801,1419,0,WY
138439,1,3.5,2130,11109,3.0,0,2,2,3,1936,0.0,56619,47.858830315513245,-90.03897065377173,2130,0,AK
118359,1,3.5,680,2299,1.5,0,1,5,10,1986,0.0,91049,25.59702116835053,-106.07087243660862,405,275,MD
160713,5,3.0,1392,11261,2.5,0,3,4,8,1970,0.0,80678,34.04405346438797,-92.01672380020116,1026,365,IA
50000,4,3.5,2385,8406,3.0,0,2,5,11,1975,0.0,98782,46.499172580212196,-93.59001059033272,2385,0,WI
50000,2,1.0,334,15411,1.0,0,0,1,8,1924,0.0,36714,31.59128511560759,-77.06317593571873,204,130,NY
50000,1,3.0,1363,13603,1.5,0,4,5,6,1966,2012.0,65685,31.55395480771164,-68.04154860924544,1363,0,TN
175463,5,1.0,1072,7064,3.0,0,1,2,4,1989,0.0,22194,32.26293484196533,-100.57057377100696,815,256,AL
222864,4,4.0,2142,6105,3.0,1,2,3,11,1903,0.0,83062,39.69552123632613,-80.4867313288425,1562,579,PA
147706,4,3.0,2574,8424,2.0,0,0,4,12,2005,0.0,74037,35.51998661474449,-118.31350876982638,2574,0,OH
258918,2,2.5,2742,19377,2.5,0,2,5,11,1999,0.0,29362,42.44163607248022,-79.72061194144754,2742,0,CT
175208,5,3.5,2998,18095,2.0,0,2,5,5,1978,0.0,64499,46.47785542155198,-102.82923601638576,2998,0,VT
394564,4,3.5,3372,5158,1.5,0,3,3,12,1995,1995.0,56281,41.18078499862865,-121.75476071528786,2738,633,IL
323339,1,1.5,2607,14001,3.0,0,3,4,2,1992,0.0,72813,29.907201284741813,-103.2949678219559,1864,743,WI
170824,2,3.0,3887,1342,2.0,0,2,5,13,1973,0.0,54852,47.38436565665205,-89.19336319746625,3887,0,AL
450092,5,2.5,2119,7763,2.5,0,0,5,6,1984,0.0,57836,31.347828960339484,-117.20274044215641,2119,0,IN
104887,2,1.5,1826,5362,1.5,0,1,2,3,2017,2021.0,14595,28.597463087875795,-71.3300339314755,1024,802,NH
50000,1,1.0,2607,15346,1.0,0,1,2,6,1915,0.0,25402,27.159214692663063,-119.5726724434482,2607,0,AZ
265915,5,4.0,1783,3546,2.0,0,4,1,12,2010,0.0,75283,38.52120977598797,-70.98961696950953,1783,0,VA
76800,2,4.5,3852,12146,1.5,0,4,3,5,1918,0.0,98131,27.730299099535642,-83.69316147766588,3287,565,MS
223949,3,3.5,3130,10003,1.0,0,1,4,2,1928,0.0,52723,28.330621218703136,-105.20640600139039,2689,441,AL
66352,1,4.0,2750,9122,2.0,0,2,5,12,2015,0.0,61322,32.20073153429192,-101.72723018058169,2750,0,WV
574348,1,4.5,2131,18357,1.5,0,2,5,13,1950,1966.0,56764,31.759672232427132,-81.77386621023359,2131,0,GA
95514,1,4.5,1592,18798,1.5,0,3,1,5,1917,0.0,34911,39.50174824797141,-89.71614724977118,1592,0,IL
130340,3,1.5,2701,9278,2.0,0,3,5,5,1957,0.0,29405,44.601886707344356,-85.71635347706813,2701,0,OK
69087,3,1.5,872,8270,1.5,0,4,3,9,1943,0.0,68122,43.27239174886942,-101.81761685873164,872,0,FL
327758,4,1.0,3534,2465,3.0,0,1,1,11,2020,0.0,99756,31.299626913195443,-96.19463153696685,3534,0,IN
101904,2,4.0,1822,9978,2.0,0,2,3,8,1915,0.0,13447,30.887451951663518,-67.57755340984008,1822,0,OK
264958,4,1.0,2305,19766,1.5,0,1,1,12,1964,0.0,63143,48.17899672256722,-111.8063963815161,1723,581,GA
247809,2,4.5,1090,9356,1.0,0,0,5,12,2011,0.0,72906,25.197669798207045,-100.1821973682385,1090,0,SC
64799,3,1.5,2722,13643,1.0,0,1,1,7,1901,0.0,20662,46.11329279344518,-107.36607830828386,2722,0,MN
74030,3,1.5,1546,3012,3.0,0,0,2,12,1955,0.0,73001,29.79348445893772,-80.38864390492856,1546,0,OH
329245,4,2.5,2649,7826,2.0,0,3,4,13,1978,0.0,68282,47.73482375415443,-80.45128033705393,2649,0,CT
50000,5,3.5,2757,12312,1.5,0,3,5,3,2002,0.0,14899,33.21537483586047,-107.33060872314843,1758,999,TN
50000,4,4.0,1352,10529,1.5,0,4,4,10,1927,1958.0,38582,35.568442573438055,-119.36075195191998,856,496,OH
176808,2,2.5,876,14123,1.0,0,1,5,4,1964,0.0,77471,41.970894734665144,-123.34833742968436,876,0,AK
450004,4,1.5,3531,6986,3.0,0,1,4,6,1904,0.0,52213,39.10405723535825,-99.63531960517832,1958,1573,IA
232812,1,4.0,1807,1250,1.0,1,0,2,3,2005,0.0,85871,32.630543912963745,-100.61075712286106,1083,724,FL
164341,2,1.5,2224,15610,1.0,0,3,4,11,1921,1983.0,93205,38.291941980827765,-67.66177691752782,2224,0,WA
384598,2,3.0,2485,5319,3.0,0,0,1,9,2016,0.0,84081,42.53696522470927,-97.22128168523227,2485,0,KY
328144,5,2.0,746,12533,2.0,0,3,4,8,1999,0.0,93805,26.01603870165981,-109.38415293420103,746,0,RI
720845,3,3.0,2462,12254,1.5,0,0,5,6,2009,0.0,47830,25.268783326136898,-73.19992186120635,2462,0,LA
94646,2,2.0,2099,1681,2.0,0,3,3,4,1912,0.0,17066,35.99360653774939,-96.00912686974603,1433,665,IA
51856,3,1.0,1356,15245,2.5,0,0,4,7,1964,0.0,20712,28.164078827284342,-89.84698879299707,1356,0,LA
50000,4,3.5,843,7167,2.5,0,3,4,13,1915,0.0,91527,40.944262995153146,-118.54688350559188,843,0,MS
329756,1,3.0,2605,10275,2.5,0,0,4,11,2018,0.0,75365,30.13725894945842,-102.17376478220288,2605,0,MN
256859,5,1.0,3127,8209,3.0,0,1,5,3,2004,0.0,97185,35.388426563096104,-70.17925055499416,3127,0,ID
50000,3,3.5,2178,18112,1.0,0,4,4,10,1985,0.0,40806,29.744102484982456,-90.39819310200076,2178,0,MN
62755,2,4.5,565,16717,2.0,0,0,5,8,1963,0.0,22210,38.16360605797899,-104.36339425687969,565,0,MA
50000,3,2.0,942,938,1.5,0,4,5,1,1931,2004.0,46972,27.785283025229653,-88.33697070399919,771,170,MT
321743,2,2.5,1567,21294,2.5,0,1,3,3,1979,0.0,44136,25.554564466899528,-72.10656789404737,1567,0,DE
480088,3,2.5,3564,6608,2.0,0,1,1,11,1950,1977.0,54297,26.227159314560733,-108.38253577306237,2314,1249,NJ
246527,2,4.0,1753,20512,2.5,0,3,5,5,1978,1993.0,25945,47.90220259636744,-95.20834704717156,1188,564,ND
234316,4,2.0,1531,8718,2.5,0,4,2,5,1957,0.0,52477,28.41486924666246,-69.35463272702995,1130,400,AK
50000,2,1.5,326,8295,1.5,0,2,4,10,1945,1945.0,89180,42.00347807528404,-114.1734198319882,326,0,CA
57912,2,3.0,1343,8763,3.0,0,3,2,2,1951,0.0,80453,26.63022890134783,-82.97915624098744,1343,0,NM
175832,1,4.0,767,7996,1.0,0,4,4,10,2005,0.0,95404,27.595848453644372,-88.97458253243,483,284,NC
110504,2,2.5,996,22621,3.0,0,0,3,8,2016,0.0,87413,37.21303003382403,-85.25851752498382,996,0,AR
60413,1,1.0,2119,9618,2.0,0,0,5,5,1962,1968.0,23224,36.156902323704244,-103.98048105194853,2119,0,CO
176171,5,3.0,1598,8488,3.0,0,1,1,7,1975,0.0,13052,47.837927426556874,-106.1088757114254,1598,0,MN
178224,1,3.0,3699,10385,2.0,0,2,5,7,1959,0.0,37272,47.6760508724977,-85.00004877646288,3146,553,VT
79399,4,4.0,3078,5163,2.0,0,0,4,5,1964,0.0,51150,43.71060742101916,-111.71403274904091,2064,1013,ME
228671,1,4.0,1391,17985,1.0,0,4,1,8,2016,0.0,27316,39.4504439230564,-100.0796795430367,1391,0,TX
432557,5,4.5,1083,2644,1.5,0,4,5,9,1980,0.0,63389,35.91904761743226,-113.27404517498367,1083,0,VT
50000,4,1.5,3382,6929,1.0,0,0,1,4,2004,0.0,73332,33.548284823882106,-123.5266240559702,2504,878,DE
329257,3,1.0,3660,14683,3.0,0,4,4,4,1954,0.0,17240,47.730101127413334,-68.70673047783004,3660,0,RI
50000,3,4.5,-194,10211,2.0,0,4,3,8,2014,0.0,78774,39.469811474192454,-99.39293021658412,-194,0,IL
85768,1,2.0,2092,12746,2.5,0,1,3,1,1956,0.0,53175,38.89774066446387,-68.74707197806995,2092,0,AL
173588,1,3.0,1748,17665,2.5,0,2,5,4,2013,0.0,10565,30.56562692245396,-116.00155937323392,1748,0,CO
200664,5,3.0,2649,15019,2.0,0,1,2,6,1991,2001.0,97298,26.120747629242715,-90.5200935709233,2020,628,CT
340732,5,1.0,3942,10687,1.0,0,2,4,13,1970,0.0,81094,47.68452591422907,-112.54448013089934,2989,953,WV
102220,2,3.0,1515,20446,1.5,0,4,5,4,1972,0.0,26375,32.52964621227169,-78.96577476309335,1515,0,NE
50000,5,2.5,-60,6858,1.0,0,2,5,6,1985,0.0,35710,35.62213655978701,-79.32892964062441,-60,0,IA
208187,2,3.5,2579,9498,2.0,0,4,3,5,1925,0.0,59895,27.751358646056964,-117.58139250475922,2579,0,ND
248796,4,1.0,3389,9847,2.0,0,4,1,9,2016,0.0,86639,45.08618391782301,-72.01232618604581,3389,0,MN
50000,1,1.5,1696,9487,1.5,0,1,4,10,1911,1939.0,25174,25.663163988542337,-112.9061101094162,1696,0,WV
83894,4,2.0,1294,4653,3.0,0,1,1,9,1970,1976.0,97329,45.015778290378314,-89.06029152940647,1133,161,WI
145346,5,2.5,1562,2081,3.0,0,3,4,4,1945,0.0,37597,28.366840306911204,-67.81888365500086,1562,0,MS
413682,4,3.0,2850,12086,1.5,0,0,2,13,1946,0.0,84289,46.27753870314765,-73.70339751831726,2850,0,IA
92820,4,3.5,1545,6832,3.0,0,3,3,4,1978,0.0,48397,42.51454329606778,-69.47585607201336,1545,0,OH
130356,4,1.0,2328,19539,2.5,0,3,2,12,1937,0.0,81854,28.952086300175324,-104.4718700405672,1691,636,AR
230722,5,2.0,2027,9637,3.0,0,2,5,8,1920,0.0,43069,38.579631828627235,-117.98218839349059,2027,0,UT
50000,4,2.5,1924,8742,3.0,0,4,3,10,1913,1952.0,95687,32.503751544525265,-113.26422822250134,1924,0,OR
165692,2,2.5,2701,15471,3.0,0,4,5,4,1901,0.0,50274,29.277594373878003,-95.47179098063302,2701,0,KY
127494,5,3.0,1521,12010,2.5,0,4,2,2,1971,0.0,84237,45.6203727858666,-78.78590833842064,1521,0,NM
279976,4,2.5,1569,9122,3.0,0,0,4,13,2008,2021.0,82498,34.6845463961735,-115.44124228151911,1569,0,PA
244070,5,1.0,2797,6796,2.5,0,2,5,13,2018,0.0,48197,34.565049144769176,-86.39530266113684,2797,0,GA
50000,3,1.5,1013,28288,1.5,0,2,1,2,1969,0.0,58634,29.07728019535888,-105.55607656974783,1013,0,WY
50000,2,3.5,1119,11808,1.0,0,4,4,1,2000,2019.0,40041,34.19357622605869,-104.55148187364725,1119,0,NE
133838,4,4.0,739,15422,1.5,0,3,4,5,2000,0.0,17248,45.9188043118924,-86.27068938099819,739,0,TN
413732,3,3.5,2849,4885,1.0,0,0,2,6,2020,0.0,95365,33.715089051751264,-97.38103308660645,2849,0,CO
85089,3,4.5,1894,7110,1.5,0,3,2,9,1932,0.0,12203,47.83848549999492,-77.71410229751834,1298,596,CO
119963,5,2.0,686,20561,1.0,0,1,3,5,2004,0.0,61986,47.711413581001295,-115.11264494921886,686,0,IA
50000,3,3.5,2853,16984,1.0,0,2,3,13,1905,0.0,35370,28.477567823376305,-78.97294862327881,2853,0,AR
80559,2,1.0,1444,12288,2.0,0,2,1,6,2015,0.0,45247,29.255470084543475,-120.33859086072701,1444,0,WV
50000,2,2.0,1128,8092,1.0,0,3,4,6,1989,0.0,85922,45.70417768796534,-112.93892882600052,1128,0,SC
69960,1,1.0,1804,8829,1.0,0,0,1,3,2002,0.0,10434,34.42626205419326,-86.59946627331956,1804,0,CT
361007,2,2.0,3478,6619,2.0,0,2,1,12,2004,0.0,72982,25.104975574792224,-75.26923757886894,3478,0,WI
52770,3,3.0,1605,4215,3.0,0,3,2,4,1936,1937.0,75180,31.572923672928905,-109.5972612188571,1605,0,VT
101075,2,4.5,2575,14619,3.0,0,0,1,1,1913,0.0,44474,39.343095836693436,-105.35007846775196,2575,0,WA
303790,5,2.0,2727,12694,2.0,0,3,1,4,1936,2004.0,34644,44.182383183039235,-93.38411734765583,2727,0,MT
101506,1,4.0,2443,13680,2.5,0,0,5,1,1907,0.0,48493,28.20132681023823,-111.94035003010977,2443,0,NM
624760,3,2.5,3271,8315,1.0,0,4,3,5,2002,0.0,93824,27.652992746001647,-77.76409308951219,2236,1034,AK
50000,1,1.5,1292,11278,1.0,0,0,3,11,1976,0.0,13959,47.130223685735956,-79.90271123467164,1292,0,NV
81080,3,1.5,956,7839,2.0,0,1,4,11,1912,0.0,57289,43.02756082774198,-115.71837241795045,956,0,TN
128978,5,2.0,937,6363,2.0,0,4,3,8,1939,0.0,21143,39.154710418673886,-97.56170528645197,612,324,IL
50000,1,4.0,1855,18335,2.5,0,3,4,8,2006,0.0,49593,43.46048295990227,-79.83481730068658,1855,0,LA
100151,4,3.0,1052,10607,3.0,0,4,5,5,1991,0.0,49115,35.292504671359325,-104.77221672710536,687,365,NJ
522694,3,3.5,2147,12537,1.5,0,4,3,10,1957,1972.0,32540,43.20293793541904,-87.9129111050893,2147,0,HI
142654,4,1.0,2076,14178,3.0,0,3,5,2,1917,1927.0,45481,33.923271790588856,-121.13785207691835,2076,0,IL
219788,1,3.5,3018,10670,1.0,0,3,3,12,1956,0.0,87097,30.858269739822457,-89.30474064982887,3018,0,MS
168657,4,1.0,2291,11203,2.0,0,1,3,6,1982,0.0,32578,42.49632211103125,-115.2987801399654,2291,0,NH
265160,4,3.5,1583,4566,2.5,0,3,5,1,1937,0.0,22787,35.072135011774435,-76.65675046847628,1094,489,CA
84372,1,2.0,2410,5519,3.0,0,2,1,7,1931,0.0,82048,48.55305050382867,-103.73938057591272,1872,538,OH
129847,5,1.0,969,5260,2.5,0,2,1,11,1985,0.0,62879,33.38764437539442,-107.95142982449285,969,0,ME
158203,4,1.0,1961,13027,3.0,0,1,1,4,1965,2020.0,20596,47.121458092745584,-76.06932832744536,1961,0,IL
385736,4,2.5,2319,10354,1.0,0,0,1,5,1976,0.0,70669,47.39110116560991,-121.14179068490682,1223,1096,CA
158145,5,1.5,2129,5519,1.5,0,0,3,6,1986,0.0,29930,30.804470729553906,-101.39329843794235,2129,0,UT
127444,4,3.0,2415,12900,2.5,0,2,2,11,1924,0.0,57950,44.15730835811232,-102.90979818722322,2415,0,IN
149670,4,3.0,1355,12717,2.5,0,3,5,1,1991,0.0,28687,35.39378812346956,-107.7663786677756,1355,0,PA
248796,4,1.0,3152,6525,1.5,0,1,2,9,1957,0.0,62833,47.02059345352835,-72.0300030759158,3152,0,MI
262077,2,3.5,3822,9860,2.5,0,0,2,10,1974,0.0,45989,35.80298254324573,-81.19708156954684,3822,0,FL
64096,5,4.0,397,12735,2.5,0,0,4,4,1932,0.0,40183,42.86328921609679,-120.35637964105949,397,0,WI
136771,4,1.0,784,5708,3.0,0,4,1,8,1987,0.0,30758,36.207217819931145,-83.2628153822076,784,0,SC
374057,5,2.0,2043,12831,3.0,0,2,3,5,1965,0.0,11082,30.46721813710855,-93.94394941165875,2043,0,MT
111052,3,4.0,1743,11505,1.5,0,3,1,11,1929,0.0,55891,29.78440309467247,-72.65053001911,1155,588,VT
779892,3,1.5,3896,5004,1.0,0,1,1,8,1980,2000.0,55810,35.21034866215229,-106.16209981114356,2776,1119,CA
191730,4,2.5,2219,11098,2.5,0,0,2,1,2003,0.0,56901,43.131871768341156,-91.27276602225378,2219,0,NH
50000,5,3.0,3392,11828,1.0,1,4,4,8,1933,0.0,93512,39.5217156443384,-95.4569493397638,3392,0,MI
50000,5,2.0,-49,6869,1.5,0,2,1,11,2001,0.0,81062,41.52710295761304,-96.09502834502648,-32,-16,WI
50000,5,4.5,2814,7263,1.5,0,2,5,13,1985,2013.0,31563,31.77583241756662,-98.00199222751888,2270,543,AZ
107665,2,3.5,1284,4957,3.0,0,1,5,11,1968,0.0,82008,36.554448302982536,-112.27911989465997,1284,0,NV
62939,3,1.0,1268,7755,2.5,0,0,1,4,1947,0.0,12775,26.065486359263847,-80.92453441793361,1268,0,PA
414085,5,3.5,1751,9939,2.0,0,1,2,2,1939,2019.0,25828,44.620777982994895,-98.27384613386054,1751,0,IN
56826,5,1.5,575,7277,1.5,0,1,2,11,1950,0.0,27974,48.757411893756995,-69.36457232485148,575,0,WA
172821,2,1.0,2442,2575,2.5,0,4,3,6,1979,0.0,32388,34.765097502992106,-109.13391965001175,2442,0,IN
196999,2,2.5,2190,6557,1.0,0,2,4,2,1912,1985.0,90591,25.26312767515704,-85.08360114125865,2190,0,TX
50000,5,2.5,2266,7913,3.0,0,3,2,5,1989,2013.0,28615,29.075023349222736,-70.37912646057082,1514,751,HI
186785,1,2.0,2887,14084,1.0,0,2,3,2,1930,0.0,47886,40.66064506601005,-86.18287558808272,2887,0,FL
1145870,5,4.0,3514,12973,1.5,0,2,5,3,2015,0.0,32838,39.68990363689262,-74.3374442658085,3514,0,PA
50000,5,4.5,1636,14181,1.5,0,4,5,11,1938,1989.0,50728,43.908753270053055,-76.83358529385066,1636,0,WA
554308,2,2.0,2477,6304,1.0,1,3,5,6,1962,0.0,88000,31.093216263065635,-103.47329021712679,2477,0,UT
196649,2,4.5,2292,10707,1.5,0,0,1,1,1947,1976.0,62798,43.327165973131216,-89.7929354234487,1570,722,CO
244852,5,3.0,2377,-2115,2.5,0,3,4,6,1986,2014.0,82776,41.511616516568075,-115.09310363075274,2377,0,AL
436026,5,3.5,2392,12144,1.5,0,0,3,3,1947,0.0,80478,32.74754794513224,-93.47502468635082,1820,572,MO
1151564,5,4.0,3590,13054,3.0,0,3,4,7,1960,2014.0,29622,38.09171555336709,-110.86594760658278,3590,0,KS
104174,2,4.5,1540,8241,2.5,0,1,1,2,1911,0.0,23536,28.53457140395984,-81.60700154771061,1540,0,IA
81926,5,3.5,474,11477,2.0,0,3,3,6,1977,0.0,77136,35.86154808245398,-93.9006699521489,413,60,ND
94572,5,1.5,1302,2425,1.5,0,4,3,8,1955,0.0,15700,46.148736149335384,-100.56004032999536,1302,0,KY
94063,4,3.0,2757,5994,1.5,0,0,2,1,1917,0.0,48839,35.10859311580938,-108.67856551848229,2757,0,AZ
215569,1,3.0,2023,13827,3.0,0,2,4,11,1926,0.0,20248,45.14960095541013,-67.07418653504665,1189,834,AZ
62919,3,4.5,1532,12556,3.0,0,4,4,11,1927,0.0,55291,39.16608076623267,-119.91250030955884,1532,0,OR
105991,1,3.5,923,7940,1.0,0,0,2,13,1981,0.0,92629,29.60504111445656,-121.51704120737206,923,0,KY
291662,4,4.0,2221,14056,1.0,0,0,5,9,1979,0.0,94891,38.946549872749515,-111.61632817184972,2221,0,WI
327928,3,4.0,2644,10691,1.0,0,2,1,5,1951,0.0,27177,37.14359989976953,-68.64886985821428,2644,0,PA
198159,5,2.0,2305,7478,3.0,0,1,4,5,1915,0.0,29483,34.567392044713216,-68.18342440576089,2305,0,AL
284472,4,3.0,1746,9085,1.0,0,4,2,13,1976,0.0,53815,27.871130548385686,-86.66911911798826,1269,476,CT
127552,5,1.0,2146,7722,1.0,0,2,3,12,1957,1981.0,48533,35.001007932333515,-73.83391996923493,2146,0,MT
174319,2,2.0,2140,4081,2.0,0,2,2,5,1992,0.0,10026,26.74629702975105,-111.80418134207466,2140,0,WA
91804,4,4.5,2189,16283,1.0,0,1,5,6,1908,0.0,70611,27.37045723357003,-68.59360063193245,2189,0,RI
50000,2,4.0,815,7159,1.5,0,4,1,2,1925,0.0,97242,34.98199679038518,-115.86126354204481,815,0,ME
268273,4,1.5,2197,5838,3.0,0,2,5,6,1927,0.0,34660,32.32915556724313,-118.23586427364548,1782,415,NJ
429391,4,4.0,1559,2353,2.5,0,1,3,11,2004,0.0,65103,47.213063820693364,-117.60394226290545,1559,0,TX
113314,2,3.0,3040,-3179,2.0,0,4,3,4,1976,0.0,62253,34.016939329126494,-91.33170837346381,3040,0,IN
248998,3,2.5,2132,13507,3.0,0,3,3,8,1935,0.0,52082,43.1885949297304,-79.48445915907101,2132,0,IL
344812,1,4.5,2835,13968,3.0,0,0,3,13,1908,0.0,26258,37.72594063278983,-103.09997086114592,2835,0,MD
248515,5,4.0,1698,15965,1.5,0,1,2,11,1946,0.0,99690,41.89805604741605,-68.2599286961908,1233,464,MT
398305,4,1.5,1734,9254,1.0,0,0,3,9,1977,0.0,25389,31.24278359236958,-99.23805212725522,1734,0,NE
228675,5,3.5,3494,8390,1.5,0,3,3,9,1950,0.0,37685,47.6057193481199,-115.42443260592667,3494,0,MO
83321,2,4.5,2436,7461,1.0,0,2,2,8,1975,2012.0,69220,37.72212392594618,-97.43989535339021,2436,0,FL
50000,5,1.5,1285,7917,1.0,0,2,3,3,2016,0.0,37195,44.95177771084599,-85.29488157092092,1285,0,SD
666204,2,4.0,2896,15598,3.0,0,4,5,10,2021,0.0,31797,33.761096643426725,-76.56313051125042,2896,0,WV
189194,5,1.5,1466,9867,1.0,0,1,5,11,1956,1996.0,81310,27.40507237721259,-97.85020747247421,1025,441,ID
95551,1,1.0,2225,11890,2.0,0,1,4,11,1931,0.0,76332,41.16907954530037,-90.16441091519745,2225,0,GA
524627,1,3.0,3836,7789,2.0,0,4,5,4,2001,0.0,72907,25.186231560098186,-108.76135140694535,2089,1746,CO
50000,1,4.0,568,16604,2.0,0,0,1,1,1966,0.0,17188,36.4070314375722,-87.1827579948857,568,0,WY
534605,1,3.0,1824,476,3.0,0,2,1,9,2021,0.0,33696,29.627245663995023,-67.7995991948304,1824,0,ND
165573,1,1.5,2408,3897,1.5,0,2,1,5,1956,0.0,12024,40.057012106448695,-121.20394636249576,2408,0,SD
184672,1,2.5,2764,11898,2.5,0,1,2,6,1953,0.0,83202,48.50607695530845,-73.46775176980543,2120,643,ME
193762,2,4.0,758,18753,1.0,0,1,5,3,2015,0.0,45985,36.14566975169551,-91.9498973422512,758,0,CO
50000,4,2.0,464,8874,2.5,0,4,1,11,1915,0.0,16584,44.619958156616,-109.6303764049489,464,0,AK
595023,5,4.0,3090,5788,1.5,0,3,4,10,1961,0.0,37044,37.1868204868269,-69.5712865294723,2390,699,IA
62441,1,3.0,1279,15003,1.5,0,0,2,8,1983,0.0,15285,36.90016074649658,-96.44880472564276,1279,0,KY
134911,2,3.5,1237,11618,3.0,0,3,4,7,1995,0.0,73115,47.330163836290666,-105.09365565461702,1237,0,KS
856095,2,3.0,3550,16451,2.0,0,3,5,1,1955,0.0,17370,46.35918084992036,-113.65463518856205,2418,1131,NV
379045,2,3.5,2069,3548,2.0,0,1,3,10,1922,0.0,27903,43.859211164511386,-110.06622401537027,2069,0,MA
335725,4,3.0,2076,16058,1.5,0,1,4,12,1916,1989.0,42499,32.11013807960282,-76.52760462928777,2076,0,DE
178293,5,2.0,1820,2257,3.0,0,1,3,5,1979,0.0,32995,38.08020197737457,-88.97862946892155,1820,0,GA
50000,4,3.0,776,8559,3.0,0,3,2,10,1937,0.0,45200,30.37353359933644,-71.94499968916598,776,0,GA
219922,3,1.0,2675,12063,1.0,0,0,4,9,1971,2013.0,98377,35.654000753116954,-110.7777982270062,2675,0,WY
240683,2,1.5,2409,10930,2.0,0,1,4,12,1982,0.0,80402,36.621113578234976,-117.09510129061262,1521,887,GA
294398,3,2.5,2168,15302,1.5,0,2,2,11,1929,0.0,23566,44.95936096406394,-123.65301073439137,2168,0,FL
50000,1,4.5,1883,866,2.5,0,0,2,12,2020,0.0,47822,46.50468076779983,-95.05186385588836,1883,0,NV
106826,1,1.0,1707,10705,2.0,0,2,1,6,1957,0.0,61222,34.95088149751547,-67.09650496822667,1514,192,MS
429557,4,4.0,2912,15998,1.0,0,0,5,8,1997,0.0,60668,25.424906681757694,-84.38697967733758,2912,0,ME
222718,5,2.5,1858,10296,3.0,0,1,4,10,1977,0.0,73853,45.68257215494451,-106.42150825798667,1858,0,NC
59047,3,4.5,1935,4288,1.5,0,4,4,1,1921,0.0,64643,29.182688284032658,-74.01906076750822,1935,0,AR
50000,5,4.0,2529,15037,2.0,0,1,2,10,2007,2008.0,32333,39.92516713336944,-79.4418308386863,2529,0,AZ
313918,4,4.0,2207,6758,2.5,0,3,2,11,1916,1955.0,25958,25.599301610419147,-123.12133553363726,2207,0,TN
681949,1,4.5,3642,5878,1.0,0,3,5,7,2022,0.0,62442,34.58815540625354,-77.43895260916172,3642,0,ID
50000,5,2.0,238,5249,1.0,0,0,2,3,1914,0.0,30954,48.66304725076839,-106.86997483740572,238,0,LA
52919,5,1.0,2299,9006,2.0,0,3,3,9,2013,0.0,85174,27.416646426491276,-115.46861251873474,2299,0,MN
81804,1,3.5,1294,10915,2.5,0,1,3,6,1947,0.0,19675,35.168635647991415,-111.09914213498675,1294,0,MD
208576,3,4.0,1057,3654,1.0,0,2,3,5,1931,0.0,99590,32.37159880455885,-97.29095115061708,915,142,CO
97510,1,1.5,1542,4681,1.5,0,1,3,8,1976,2016.0,41661,46.72211496131834,-99.78252815712338,1542,0,ND
50000,5,1.0,2054,6527,1.0,0,0,5,8,1984,0.0,74289,45.86416258977653,-107.53342393566908,1718,335,TN
286878,3,2.5,2099,5225,2.5,0,3,4,12,2012,0.0,27184,30.704770247349494,-114.18355563419914,2099,0,AK
50000,3,1.0,482,10183,3.0,0,2,3,12,1939,0.0,57963,26.94850688921035,-80.55284499039635,348,134,NJ
50000,1,2.5,1458,11806,3.0,0,4,2,3,1996,0.0,35822,40.05132145746682,-67.56374232710974,1458,0,FL
272353,5,4.5,2281,11119,2.0,0,2,3,2,1956,0.0,72303,33.072849085209036,-79.66587991607764,2281,0,NE
133582,4,4.5,1123,11126,2.5,0,2,5,2,1957,2002.0,86465,41.13002537454551,-107.13159284272216,1123,0,TN
151087,5,3.5,885,18354,1.0,0,1,2,5,1990,1993.0,15267,25.77087414562755,-110.0458891995084,559,326,ND
50000,2,3.0,-256,12118,1.0,0,4,3,10,1998,0.0,62647,28.201581644259747,-111.59304506424152,-256,0,SC
121624,4,3.0,1336,13919,3.0,0,0,4,12,1915,1921.0,72814,41.47293358654344,-116.20838075412493,1074,261,MS
50000,3,1.5,850,7926,3.0,0,0,2,7,1927,1958.0,46025,30.096895727259948,-92.57415866753882,555,295,WI
54103,4,4.0,1016,14720,1.5,0,2,2,8,1997,1997.0,87605,45.58210421829764,-89.49217879865938,1016,0,KY
729218,3,2.0,1728,7688,3.0,1,2,4,10,2010,0.0,10981,26.40618130504325,-83.78634834220117,1083,644,NH
65377,3,3.0,1400,12057,1.5,0,3,2,8,1900,0.0,53436,30.17156758685379,-85.22783785678092,1104,295,OK
57749,4,2.0,833,3143,1.0,0,4,3,13,1940,1957.0,28472,48.96544596364165,-107.3370012568472,619,214,WY
50000,3,2.0,-115,10831,1.5,0,2,2,12,1947,0.0,29336,35.39382646208303,-105.17227269237975,-115,0,ID
230611,3,3.5,2302,5123,1.5,0,3,3,8,1930,0.0,35587,41.87117592507144,-85.15367147978674,1846,455,NM
257740,2,4.5,2752,14680,2.0,0,4,4,10,1935,1982.0,87192,29.383913172568327,-104.08148447533318,1985,767,WI
173564,5,3.5,1603,14379,3.0,0,0,1,12,2007,0.0,94046,39.63684963965291,-111.88047819169915,1603,0,FL
110237,5,2.5,1734,7666,1.5,0,3,4,11,1932,0.0,63013,42.426545640866046,-102.66283923928584,1106,628,ME
156796,2,3.0,2002,20247,1.0,0,4,3,3,1932,0.0,94511,32.54743926079625,-108.49120301805527,1052,950,VA
382389,4,2.0,3578,8570,2.5,0,3,5,11,2002,0.0,19665,44.89353068742106,-118.96617489054107,3578,0,VA
50000,1,2.5,432,1939,1.5,0,2,4,2,1981,0.0,37097,39.482021883334795,-76.68208257023075,217,215,KY
102093,1,3.0,1585,6104,3.0,0,1,5,13,1922,0.0,62474,34.338952230760725,-75.37265081804892,911,673,AK
50000,1,1.0,278,4779,2.0,0,0,5,4,1959,0.0,81973,38.3834174402358,-111.47423289048787,278,0,SC
819479,2,3.5,2362,11898,1.0,0,2,3,1,1986,2008.0,35185,38.84226033846218,-120.3079846270635,2362,0,CA
50000,2,1.0,1856,3823,2.0,0,2,3,3,1978,2015.0,85911,28.972847024652786,-81.88683607098277,1310,545,RI
220535,3,2.5,2202,7303,2.5,0,4,1,11,1989,0.0,40484,34.66557687680719,-111.94286832578541,1170,1032,WV
166181,1,2.5,2153,11572,1.5,0,3,2,9,1929,0.0,55610,33.24233411246783,-101.57417710209896,2153,0,KS
50000,4,1.0,2990,10693,1.5,0,0,4,7,1988,1996.0,60807,34.621665341899025,-120.34429062246916,2990,0,KY
176243,4,2.0,2538,9936,3.0,0,2,3,7,1944,0.0,60907,43.26665412364619,-111.1026336687692,1762,775,NE
158706,1,1.5,2830,10630,1.5,0,4,4,1,1979,0.0,67389,36.58092177920014,-78.80457013521075,2237,592,CT
50000,1,1.5,934,8147,1.0,0,0,5,7,1938,0.0,35835,47.567587677742345,-78.1494025258335,934,0,DE
158134,1,2.0,3193,1981,2.5,0,3,2,10,2011,0.0,63790,32.04823392060247,-112.1961649814005,3193,0,DE
50000,2,4.5,1277,8015,2.0,0,2,1,7,1944,0.0,86960,34.976885878838296,-104.8529108289187,1277,0,MN
300331,2,1.5,1335,12343,2.5,0,2,4,4,1977,0.0,19643,43.886963451496996,-116.34841011165662,790,545,NY
342307,2,3.5,2270,9315,1.5,0,2,2,7,1980,2000.0,85846,38.104590239698005,-119.77216007375942,2270,0,TX
222183,5,3.0,2301,11957,2.0,0,0,1,8,1911,0.0,28951,38.128675514186746,-67.44621227644066,2301,0,WA
219581,4,2.5,928,7066,3.0,0,0,4,3,1992,0.0,25233,26.280163912124404,-86.63114477904416,790,137,LA
56373,4,4.0,1826,14971,2.5,0,0,2,13,1931,0.0,23200,34.56639190524294,-93.10049897569583,1141,685,PA
248243,3,2.5,3488,-2781,2.0,0,0,3,10,1955,0.0,62275,31.49760957812158,-80.36658547689792,3056,432,ID
54596,2,4.0,531,10707,2.0,0,4,4,2,1923,0.0,97084,48.98404294794677,-76.11560189779973,351,180,IA
138044,5,1.5,3485,16744,2.0,0,1,2,7,2015,0.0,86068,32.40052169517545,-78.01725822145053,3485,0,NV
124510,5,1.0,1758,17488,1.0,0,4,1,5,1912,0.0,99001,46.227916835052724,-123.05725139047703,1758,0,PA
50000,4,1.0,-337,8840,2.5,0,2,2,5,2019,0.0,31291,41.22960964097146,-113.3519498031416,-337,0,WY
50000,2,1.0,633,3369,2.0,0,4,3,5,1919,0.0,52448,33.181993820610174,-86.67039777928363,633,0,NM
214873,3,3.5,1036,16832,2.5,0,3,4,7,1978,0.0,40580,38.04482508097897,-102.5817171751741,1036,0,FL
182282,2,3.5,1376,9740,2.0,0,0,4,9,1955,0.0,31346,45.17286111878065,-67.99848888951689,1376,0,DE
136204,1,2.5,1895,9205,3.0,1,3,4,11,1952,1996.0,20619,46.200839152741885,-86.07192681961952,1895,0,VA
50000,2,4.0,-703,5535,3.0,0,3,3,8,1967,0.0,11766,28.849453000147484,-69.47671220243524,-703,0,ME
50000,1,1.5,2186,3750,3.0,0,2,1,6,1953,0.0,13549,33.14975538899607,-112.51755054618975,2186,0,DE
67466,1,1.0,944,12819,1.5,0,0,4,7,1933,0.0,28693,33.045356325125724,-74.7544493974437,944,0,ND
227346,3,4.5,3390,13349,2.0,0,3,1,9,1927,0.0,72019,26.009075105822674,-105.68291856853216,3390,0,AR
145917,4,4.0,1729,11007,1.5,0,2,2,11,1949,0.0,58328,39.357706236445516,-67.594805930445,1369,360,NM
136660,2,2.0,2942,6179,2.5,0,0,1,6,1901,0.0,87701,45.51568127181251,-115.01174569183061,2942,0,PA
98814,1,4.0,3110,4675,1.5,0,1,1,1,2020,0.0,99100,34.157785307812425,-94.56863032621538,2449,660,AZ
433722,2,1.5,3083,2838,2.5,0,2,4,4,2010,0.0,35301,42.760862679620246,-78.80786157128405,2515,567,OH
155328,4,1.5,1433,7197,2.5,0,4,5,8,1993,2021.0,54763,40.06480992641776,-99.33937860556995,1433,0,ME
85704,4,1.5,1420,4970,2.5,0,0,5,7,1925,0.0,30765,34.015569651832024,-97.31920856930414,1163,257,TX
257987,5,1.0,1775,1453,1.5,0,3,3,3,1950,0.0,54787,28.38543518781513,-67.77771965617276,1775,0,NH
104225,4,1.0,2636,13256,2.0,0,3,3,10,1946,0.0,17425,42.023772466623214,-99.75743543283426,2636,0,GA
50000,3,2.5,1489,3404,1.5,0,4,5,3,1925,0.0,22857,45.509564054589774,-89.56789026585338,1489,0,ID
50000,1,1.5,1880,14919,2.0,0,4,2,11,1983,0.0,62771,41.4605078176358,-120.89123934151641,1880,0,VA
611020,5,2.5,2273,11970,2.0,0,3,4,3,2005,2008.0,32444,25.429083616835634,-75.99402542801518,1675,597,NJ
50000,3,1.0,1095,11471,2.5,0,0,4,12,1991,0.0,51457,30.18958946538379,-87.05442120816602,716,379,NJ
395134,2,3.0,1031,18326,1.5,1,2,2,1,2019,0.0,89741,26.667519637204766,-100.97085413681963,703,328,LA
50000,1,3.0,1841,3570,2.0,0,4,2,10,1983,1993.0,10704,38.68926638982944,-123.07833622259237,1841,0,MS
684114,4,3.0,1974,14368,3.0,0,4,5,1,1974,0.0,15452,43.155464292169896,-90.27487722617028,1360,613,NY
302028,1,3.0,2433,8511,2.0,0,4,3,6,2021,0.0,48862,27.653900489647825,-123.27850377640276,2433,0,FL
177995,2,2.5,2671,22855,3.0,0,1,2,1,1973,2008.0,71471,45.12010769424124,-123.93139400718599,1512,1159,WA
50000,5,2.0,900,8096,1.5,0,0,3,5,1960,0.0,79217,38.332215481491595,-88.88238195748679,900,0,MS
119841,5,4.0,1187,7288,1.5,0,0,1,4,1922,0.0,96058,41.5592562914014,-113.2260271619304,1187,0,MT
95485,5,1.0,1029,12127,1.5,0,0,4,5,1936,0.0,28300,48.313644366607505,-113.06240966606856,553,475,AZ
723064,4,3.0,3412,8955,2.0,0,0,5,7,1940,1971.0,19566,27.008343717944737,-86.76352074753362,3412,0,MN
289265,3,2.0,1879,6207,1.0,0,0,4,6,1951,2003.0,17501,46.62937655146694,-120.93926028745567,1879,0,HI
323404,3,1.5,2016,5148,2.0,1,3,5,12,1982,0.0,11845,28.026464703697823,-106.13588299595028,2016,0,GA
89316,1,1.0,2057,17291,2.0,0,4,1,9,2008,0.0,49181,34.431011359280376,-115.48238157790492,2057,0,WY
139088,4,2.0,1284,4182,2.5,1,3,4,6,1981,0.0,67263,45.43452871194674,-90.92994692159758,1284,0,OK
421797,5,3.0,3564,11115,2.5,1,1,1,9,1948,0.0,88766,46.75010168170884,-86.27938618053844,3564,0,IL
50000,5,4.5,2411,15280,2.0,0,2,5,4,1926,0.0,73038,37.152920165083486,-82.89525634485452,2411,0,NH
50000,2,1.5,2039,15522,3.0,0,4,2,1,1905,0.0,93290,39.2585113186102,-109.45182063564177,2039,0,PA
192924,2,4.5,894,6991,2.5,0,1,4,1,1973,1998.0,44404,41.99553603036537,-118.91276415671472,894,0,IL
105294,5,3.0,838,8969,2.0,0,3,1,10,1965,0.0,32564,44.986208042865144,-119.51503155431182,644,193,MT
138049,5,3.5,1691,7999,1.0,0,2,4,7,1923,0.0,67435,27.91626806890399,-99.70936173830874,1691,0,MD
252436,4,4.0,1300,2324,3.0,1,1,4,13,1937,0.0,28227,44.441663397501465,-70.08686868342525,1300,0,CA
99172,3,3.0,932,12687,1.5,0,2,4,13,1927,0.0,57475,36.5506276122788,-111.5894450479196,932,0,MD
71925,2,1.5,1629,10192,2.0,0,1,3,13,1927,0.0,27215,35.81496220259606,-109.36572872353169,1629,0,IN
142646,3,4.0,1783,17202,2.0,0,3,1,3,2016,2020.0,81074,35.173594047927956,-118.24933827996604,1783,0,VT
289407,4,3.0,2141,5883,3.0,0,2,1,2,2008,0.0,31699,37.221078045905024,-89.48249438804598,2141,0,IN
132671,5,4.0,1496,15443,2.5,0,1,4,6,2013,0.0,22454,47.681213281470484,-85.24724618501102,1237,258,DE
79414,3,1.5,992,15796,2.5,0,3,2,6,2002,0.0,58217,38.15689054701164,-87.35292113483668,861,130,WV
50000,5,3.0,1027,10235,2.5,0,4,4,13,1965,1999.0,31711,47.87626091831534,-74.91557614644748,1027,0,IL
363321,5,1.0,3212,-854,1.5,0,3,3,7,1960,0.0,25059,29.326963134775376,-96.27372740351392,1888,1324,MS
90060,1,3.5,748,7437,3.0,0,3,5,5,1945,0.0,58398,42.379263491983195,-116.33594867627733,566,181,IA
249057,3,2.0,2363,18929,3.0,0,4,3,8,1968,1988.0,11286,44.49374892660993,-107.50390754984848,2363,0,AL
549884,3,3.0,2519,11485,2.5,0,3,2,7,2013,0.0,44297,41.29909195203669,-86.24149151498295,2519,0,MI
613581,5,4.5,1878,13466,2.5,0,4,4,2,1974,0.0,36485,39.56613472543697,-89.05204749673109,1878,0,ND
513337,4,3.0,3767,9554,1.0,0,4,1,1,1973,0.0,69967,38.555506746068374,-93.73282160465114,3767,0,WY
50000,1,1.0,2501,8882,1.0,0,4,4,13,1942,0.0,64583,45.66233158188871,-85.07102813474484,2501,0,SC
86438,5,1.0,3842,663,2.0,0,1,2,9,1958,0.0,61630,44.719518331948,-87.66872152872193,3842,0,AZ
50000,2,3.0,1348,13973,2.0,0,2,1,5,1901,0.0,37086,27.93492930833439,-73.76448130049775,1348,0,MT
80039,2,4.0,1366,15398,3.0,0,1,3,12,1914,0.0,26484,45.36610376874108,-90.5970664837371,1366,0,IN
441350,1,2.5,2527,5245,3.0,0,4,5,11,2002,0.0,78623,34.93764686657062,-79.61972255406829,2527,0,SD
182891,4,4.5,1738,9105,1.5,0,2,5,5,2004,0.0,69263,31.088723919899458,-109.82369210991133,1738,0,DE
375360,5,2.5,3685,8431,1.5,0,2,4,12,1936,0.0,28675,45.87444563233422,-85.34359267842312,3685,0,WI
83183,3,1.5,2341,12100,1.0,0,4,3,10,1970,0.0,70664,35.3685951912098,-72.57493525218749,1749,591,KS
50000,1,4.0,955,7278,2.0,0,2,2,4,1919,0.0,34680,44.400752564243604,-102.0132573097095,629,326,TN
50000,4,2.0,263,14656,1.0,0,2,5,2,1997,0.0,27077,31.321686686940268,-79.59106132169714,263,0,MA
70881,3,3.0,1921,10356,1.0,0,1,3,5,1934,1962.0,48174,25.094303714133225,-82.68700983186018,1921,0,GA
50000,2,1.0,1910,-2747,2.0,0,2,4,2,1933,1994.0,86968,36.89102062967066,-120.60700677830611,1588,322,MO
97628,2,3.0,2313,12213,1.5,0,4,1,12,2016,0.0,13491,27.405478159429222,-90.85402635142788,1866,447,PA
611715,3,1.5,3210,14981,2.0,0,0,4,7,1985,0.0,56126,43.105022932597834,-116.57920709555427,3210,0,MI
94998,1,4.5,3079,4239,2.5,0,0,4,11,1930,0.0,13392,31.625803265665848,-68.8628071828563,3079,0,WI
460246,2,4.0,1421,12043,2.5,1,0,3,9,1986,2016.0,72257,35.64749551848349,-77.7497723460626,1421,0,WV
70870,5,1.0,706,19149,2.5,0,4,5,9,1918,0.0,77804,27.0888055621973,-117.74574332891416,481,224,WA
72651,3,1.0,765,10560,3.0,0,0,3,11,1967,0.0,48400,31.879821962734063,-117.06013613408233,586,179,VA
50000,3,1.5,1263,15708,1.5,0,1,1,6,1923,0.0,46551,43.755765838205726,-90.11499026998072,675,587,AR
225822,2,4.0,1633,7789,1.5,0,4,3,1,1983,0.0,38088,28.638109885655666,-104.34131707212855,1633,0,AR
83151,1,2.0,2305,9910,3.0,0,4,2,13,1938,0.0,90015,40.531829467046975,-122.01036603283278,1676,628,NJ
238199,5,3.0,1199,8976,1.0,0,4,4,6,1991,0.0,35465,47.018220467308026,-93.12643405351598,1199,0,AK
454344,1,3.5,2280,8064,2.5,0,2,5,5,1953,0.0,58155,41.31608223418529,-101.89282931790673,1913,366,NH
173040,4,4.0,2362,9261,2.5,0,2,1,4,1938,1984.0,97893,44.46452054301344,-118.23863993481066,2362,0,TX
261942,4,3.5,2143,1846,1.0,0,2,4,12,1916,0.0,15969,27.615319103293977,-78.29053764140899,1395,747,OK
50000,2,1.5,871,8345,2.0,0,3,3,6,1918,1955.0,18981,31.017563824049308,-71.84062437910805,871,0,MA
293756,2,2.5,2467,16689,2.0,0,1,2,6,2017,2022.0,31032,46.46893245377419,-80.8741457611946,2467,0,MA
611720,2,3.5,4081,5181,1.5,0,4,3,6,1947,0.0,64091,42.16253472683414,-77.12192832907219,4081,0,WV
199048,4,2.5,2245,4669,3.0,0,4,4,2,1934,0.0,34408,40.34929183305547,-111.66003766583131,2245,0,MA
50000,1,1.5,-953,10306,1.5,0,2,1,7,1931,0.0,34241,40.9304016669208,-108.97634179763975,-805,-147,AR
388915,1,3.0,3240,10555,2.0,0,4,5,4,1946,2017.0,57940,34.940813303311444,-112.1139302029463,3240,0,AL
143566,2,4.0,1297,11887,1.0,0,4,4,13,2009,0.0,92938,26.069359158823676,-80.39138441216285,1297,0,MT
444891,5,2.0,4265,9431,1.5,0,0,1,12,1946,0.0,61105,43.826597009697494,-69.96872650073367,4265,0,AK
242383,1,1.5,2116,10359,2.5,0,4,4,9,1963,1997.0,71050,41.28911766916849,-83.14027921616756,2116,0,FL
50000,4,2.0,315,8245,2.5,0,3,2,10,1945,0.0,13657,36.34730713870539,-73.75639440186531,315,0,VT
50000,3,3.5,-64,3621,1.0,0,2,3,2,2002,2002.0,31230,46.59423076883818,-87.59415159165917,-64,0,LA
295997,3,3.5,3539,9643,2.0,0,1,5,5,2020,0.0,28680,33.067831959642376,-101.90338566814845,3539,0,WV
140634,3,4.5,3105,13622,2.5,0,1,1,4,1934,0.0,92694,32.06372186154966,-99.7315879489726,3105,0,WV
468862,5,1.0,4226,12575,2.5,0,0,5,9,1993,0.0,94731,45.94711180190663,-119.70667836645792,2377,1848,TN
147282,2,1.5,2010,1278,3.0,0,1,5,4,1916,0.0,52340,44.127703714215656,-122.20693987097651,2010,0,SD
449798,4,4.5,1943,11259,1.5,0,1,5,8,1941,0.0,45950,37.35951545556027,-84.35789056122259,1386,557,HI
50000,5,4.0,1617,5536,2.0,0,2,1,8,2010,0.0,88515,28.1376337469884,-99.00955315536271,921,696,MO
84497,4,1.0,1341,16960,1.5,0,2,1,6,1928,0.0,17867,30.16171531516126,-92.52374112088611,1341,0,MT
238508,4,2.5,1607,11631,2.0,0,3,5,6,1969,0.0,90691,40.74947176981136,-92.21330888552227,1607,0,OK
191441,2,2.5,2217,14481,2.5,0,0,3,11,1916,0.0,88542,34.24098970816988,-108.18957864000183,2217,0,TN
297935,3,4.0,1156,10105,3.0,0,1,4,8,1980,0.0,14329,45.07535659998331,-96.87412688271903,1156,0,OH
50000,2,2.0,330,9669,1.5,0,3,5,12,1913,0.0,98087,47.7989202239729,-97.16666736494096,185,144,PA
137052,5,1.0,2159,17479,2.5,0,0,2,13,1923,1955.0,45865,44.33528620659804,-101.85964839001215,2159,0,AZ
130443,5,3.5,1133,14863,2.0,0,1,5,12,1956,0.0,76940,34.06109015189337,-77.22150314613899,779,354,SD
50000,5,3.0,-1239,10589,1.5,0,1,1,10,1949,0.0,47869,43.928474301554175,-98.28365178980704,-1090,-148,OH
272571,2,2.0,2552,9001,1.5,0,2,4,9,1956,0.0,76905,33.4346001632964,-89.5922621031587,2191,360,WY
157096,4,4.0,891,1464,2.5,0,4,2,5,2000,0.0,93984,29.010402106375214,-72.9553531382929,659,232,SC
368645,4,4.5,2661,11622,1.5,0,0,4,11,1960,2007.0,99711,25.801436916780577,-74.62468349704142,2661,0,MI
94839,1,4.0,2637,9369,3.0,1,1,4,1,2003,0.0,76252,34.25720110626448,-73.24593438458758,1625,1012,DE
91147,5,4.0,2283,12769,3.0,0,0,2,1,1938,0.0,89386,46.68542328873477,-108.6097152014942,2283,0,IA
1179144,4,4.0,4496,14289,2.5,0,3,5,2,1954,0.0,11711,30.735678106136234,-122.00599816644042,2492,2004,VT
218881,1,2.0,1861,16164,2.0,0,3,5,10,1995,0.0,35801,29.956315958314818,-109.11919240596623,1861,0,CT
256699,4,3.0,1714,11684,2.5,0,4,5,10,1935,0.0,97287,48.275698845784966,-108.1136812996196,1714,0,ME
655847,5,3.5,2683,4768,3.0,1,1,3,5,2013,0.0,63270,25.60009870841421,-72.16646137667682,2683,0,SC
204346,3,2.5,1944,-746,1.0,0,2,5,4,1936,1951.0,81622,43.8587716094501,-86.99316422823568,1944,0,TN
933224,5,4.5,3160,5876,1.0,0,1,2,1,2011,0.0,65535,32.712878937780886,-119.34287430267295,3160,0,KY
50000,2,2.0,731,16667,1.5,0,0,3,4,1913,0.0,86759,25.899710964871822,-116.28342002736724,731,0,AL
95674,4,3.5,747,19117,1.5,0,3,5,4,1926,0.0,26220,47.02726096503001,-115.1264608441074,747,0,VT
293559,4,1.5,2765,8810,1.0,0,0,3,10,2022,0.0,23392,28.351415925030008,-88.06596035437138,2128,636,NH
66316,2,2.5,835,2695,3.0,0,4,2,4,1982,0.0,95587,38.24270280941669,-82.08140054610082,835,0,IL
123930,2,4.0,2609,6757,1.5,0,3,5,1,1930,1956.0,12246,31.577300978309147,-75.00029709777242,2609,0,WV
319060,3,3.0,2370,15689,2.5,0,2,1,9,2009,0.0,30010,26.564627252432587,-70.38371660404414,2370,0,NH
127450,4,3.5,1305,7044,2.5,0,3,2,3,1972,0.0,78358,26.198139655921096,-112.50284022897281,925,379,SD
588503,4,3.5,2367,12945,3.0,0,1,4,13,2001,0.0,27234,27.77336077207213,-106.34296837072921,1487,880,TN
50093,3,3.0,765,10842,1.5,0,1,4,4,1980,0.0,59451,26.712808333345123,-110.30159579754465,438,326,CO
115392,1,4.0,1000,13550,2.5,0,3,2,5,1982,0.0,85205,43.253394772478146,-103.55059065443015,568,431,CA
113259,3,1.5,1762,19090,1.5,0,4,4,13,1943,0.0,31784,36.6535888548023,-71.86408887684628,1762,0,ND
774115,5,3.0,2078,12948,1.5,0,1,2,13,1967,0.0,39672,33.22941019237551,-91.21858368445639,2078,0,HI
134172,4,2.5,1696,10734,2.5,0,1,1,7,1947,0.0,11082,35.04085384316817,-81.92306185250355,1000,696,FL
237929,2,1.0,2433,19641,1.0,0,2,2,6,1956,0.0,21148,47.29472165374296,-96.06320354077343,1694,738,PA
50000,5,3.5,2388,11747,2.5,0,3,5,5,1974,1979.0,37494,46.85804350571553,-122.3550989398409,2388,0,SC
322637,4,1.5,3529,6035,3.0,0,1,5,8,1921,0.0,85093,42.176235522941845,-120.34085729812459,2320,1208,SD
147492,3,2.0,1904,13437,2.0,0,4,3,1,1903,0.0,61952,46.232377058120505,-93.33838721773051,1904,0,FL
628085,5,3.5,3194,12237,2.5,0,0,4,7,1980,0.0,46719,32.671552662103,-83.02902501525854,3194,0,DE
591072,4,2.5,2920,8460,1.5,0,3,4,12,1971,0.0,58737,34.146623824198784,-111.72615993086231,2920,0,UT
238998,1,4.5,4293,7412,1.5,0,2,2,6,1945,2007.0,69453,39.72909236450147,-82.85115428243867,4293,0,SC
247878,1,3.0,1872,8508,2.5,0,1,4,11,1958,0.0,49536,39.967022735134336,-77.79205091143979,1872,0,AZ
375117,2,3.0,1579,7340,2.0,0,4,5,5,1933,0.0,60604,36.56079611229618,-100.52184373335966,1579,0,IL
134337,4,3.0,3257,8671,2.5,0,3,1,7,1910,0.0,60833,34.61578836251088,-81.45410372788602,3257,0,ME
111211,1,3.5,2385,5786,2.0,0,4,2,3,1930,1974.0,24039,48.66832747860868,-100.97029283127779,1329,1055,ND
763600,3,4.0,3281,11930,2.0,0,4,4,1,1910,0.0,77839,44.70696702682538,-85.33401412106386,3281,0,NY
928876,4,3.5,2716,11556,3.0,0,2,5,9,2019,0.0,57931,35.43952474931309,-80.45216818878605,2716,0,WI
50000,3,1.5,-106,11726,1.5,0,3,3,2,2017,0.0,49925,42.45501945374964,-67.46018275643769,-106,0,KS
135407,3,3.0,2376,9688,1.5,0,1,4,13,1955,0.0,61003,31.46948063805903,-104.31239026237502,2376,0,OK
138237,1,4.0,2311,9111,2.0,0,2,1,10,1937,0.0,93817,27.404063829695918,-100.57067550724715,1810,501,LA
60505,4,3.5,2133,17210,1.5,0,1,1,3,2016,0.0,58897,33.45834461326578,-114.55965661362023,2133,0,IN
86610,5,1.5,1867,10337,1.0,0,0,4,8,1920,0.0,97745,34.671347202961456,-112.36783567109701,1867,0,NJ
50000,1,4.0,407,16318,2.0,0,4,4,12,2009,2016.0,52287,25.3968909894561,-84.47648485189248,234,173,AK
217772,1,4.0,2874,5017,1.5,0,0,5,10,1993,0.0,43012,44.55500803926151,-71.72840136119487,2874,0,IL
142627,4,1.0,2373,12945,1.0,0,4,4,9,1909,0.0,51783,33.62064165734036,-101.5075177553093,2373,0,NE
243364,4,1.5,3101,6326,3.0,0,2,3,13,1925,1941.0,95727,38.93003597872353,-113.74886653037414,1802,1299,KY
98382,3,1.5,461,7219,1.5,0,1,5,3,1990,0.0,78315,26.775116494502942,-107.74932853516934,461,0,NM
54609,4,1.5,2507,7940,1.0,0,1,2,6,1907,0.0,93766,29.199923890014016,-98.06205282593609,1598,908,IA
457021,3,1.5,1765,7627,2.5,1,2,3,7,2002,0.0,56491,46.352649407861435,-107.432931226174,1402,362,MD
187761,1,4.5,2143,7651,2.5,0,3,5,1,1907,0.0,98941,39.60850066918722,-110.68599226205362,1368,775,CA
190480,2,4.0,1776,16086,1.0,0,0,5,7,1959,0.0,68584,47.80681720409166,-82.04888414084647,1776,0,CT
498555,5,3.0,2543,10227,2.0,1,0,1,4,1971,0.0,22803,48.97000082539161,-123.55283948928448,2239,303,LA
133942,1,3.5,1837,11125,2.0,0,1,5,5,2018,0.0,59625,33.924642767994264,-93.26385994182046,1837,0,HI
114437,4,2.5,948,7714,1.5,0,1,3,8,1933,0.0,23698,32.17127353799859,-78.75529199930403,948,0,NY
440863,5,3.0,2086,14284,2.5,0,1,4,4,2022,0.0,44560,45.600545323818324,-108.82498767990431,1202,883,WY
142862,2,3.0,1785,11775,2.0,0,2,3,4,1915,0.0,25376,48.9666742488989,-89.61238389511502,1785,0,NE
193466,2,1.0,1916,8455,2.0,0,3,2,8,2004,2004.0,93654,40.11138962157898,-85.87269397973878,1916,0,MT
50000,3,1.0,-1187,2078,2.5,0,0,5,5,1912,0.0,23117,44.083377340276535,-86.66359230490987,-1187,0,OR
311086,5,3.5,2682,11081,3.0,0,4,5,13,1986,0.0,66381,43.76190061156659,-98.5865708506731,2682,0,VT
150722,3,2.0,1685,12878,2.0,0,2,5,6,1975,0.0,47956,33.52815299726913,-104.24505469108058,1311,374,NV
50000,1,1.5,651,5105,1.0,0,0,5,12,1990,0.0,58786,38.78248912617009,-76.35232783741463,344,307,WY
149781,5,3.0,2922,8523,1.5,0,3,1,11,1921,0.0,97778,44.993366590341125,-80.76858045100774,2415,507,AK
115773,1,3.0,2636,12685,2.0,0,2,1,5,1995,0.0,76480,41.51473303026533,-105.68845511540698,2636,0,MD
457664,3,4.0,1672,2145,2.0,0,0,4,1,2020,0.0,41695,25.50793153556892,-118.12790591679425,906,766,AR
310813,5,2.5,847,6755,3.0,0,2,5,7,2012,0.0,11511,33.0809360535408,-119.90696990960825,847,0,IL
79599,3,4.5,2178,11884,1.0,0,0,2,6,1926,0.0,63233,28.467416718270528,-118.62626925976065,1540,637,MS
75141,5,2.0,2123,15525,1.5,0,0,4,2,1963,2022.0,32502,30.59133308987294,-90.77644641205356,2123,0,WV
226261,3,1.5,2924,20928,2.0,1,3,5,11,1901,0.0,60010,46.73174745979182,-121.05525597774759,2924,0,PA
88827,2,2.5,1556,19793,1.5,0,4,1,7,2008,0.0,83905,25.885438933858435,-104.7951681270498,1556,0,SC
301391,3,3.0,3194,10718,2.5,0,3,2,6,1996,1999.0,56489,30.27521708708617,-81.06761699088892,3194,0,WV
140473,2,3.0,1459,7578,2.0,0,0,4,5,1925,0.0,93533,32.42966445371756,-107.22215450862345,1306,153,VT
50000,3,2.5,654,14615,2.0,0,2,2,8,1991,0.0,91165,39.80521772719348,-80.4914396007326,489,164,NH
222409,5,2.5,867,7282,2.5,0,3,5,5,1982,2022.0,41949,37.81844056206077,-81.50837882219784,679,187,OK
698744,5,2.5,1937,6189,3.0,0,4,3,11,2006,2006.0,78376,30.238467588481267,-109.98785343990667,1937,0,AK
185376,5,4.0,1934,8473,2.0,0,0,2,2,1968,0.0,89587,28.941785613355705,-82.45713573471352,1934,0,SD
235181,4,2.0,2327,7846,1.5,0,3,2,6,1996,0.0,77310,30.683152830306852,-81.37673161849025,2016,311,LA
172912,1,1.5,1909,12063,1.0,0,3,1,12,1983,1990.0,88798,37.060711040839735,-101.34512623697947,1909,0,WI
432540,5,4.0,2977,6987,1.5,0,3,5,1,1929,0.0,79407,31.508266857068882,-112.00603242673346,2977,0,DE
371817,2,4.0,1738,10425,3.0,0,3,2,5,2008,0.0,83809,47.742460038585335,-94.28756400716347,1738,0,IA
50000,5,2.5,3,17974,1.0,0,2,5,6,1907,0.0,27229,36.13276531429234,-71.48033748398882,2,0,SD
88742,4,1.5,1878,10610,1.5,0,4,1,7,1937,0.0,37385,26.41110439707129,-87.54184625137248,1878,0,KY
50000,2,4.0,-6,17583,1.5,0,4,5,2,1960,0.0,52176,42.5023937400792,-114.14341763524611,-6,0,MN
50000,4,3.0,2271,16010,2.5,0,0,1,1,1980,0.0,13260,32.89228691701575,-85.08285529018937,2271,0,AK
249855,2,4.5,3057,12960,3.0,0,1,1,6,2007,0.0,13145,40.68373436939794,-99.64942744493543,3057,0,CO
121012,3,2.0,1013,8229,2.5,1,2,4,3,1964,0.0,17802,31.710264892557568,-90.28285855074374,1013,0,NH
695951,1,1.0,3418,15202,1.0,1,0,5,5,1966,0.0,12263,38.69784980159967,-82.15835000368284,3418,0,NE
107582,1,2.5,2842,8750,2.5,0,0,3,12,1945,0.0,36913,43.531660115379154,-94.64800096367665,2842,0,OR
531231,4,3.5,3206,9989,3.0,0,3,4,11,1989,0.0,67788,47.272209802589295,-77.6029134493214,2336,870,WI
154740,1,3.0,2189,11650,2.0,0,1,1,13,1994,0.0,18155,31.26705146639385,-82.83713197895221,2189,0,ND
211809,4,3.0,1007,9973,2.0,0,1,3,2,1971,0.0,10922,33.03656682397555,-88.94081961894489,1007,0,LA
619322,4,2.0,2780,6398,1.0,0,2,2,1,1942,1985.0,82231,36.14239408686255,-115.40480949755596,1574,1206,TN
101347,4,4.5,1375,2364,2.0,0,1,2,1,1958,0.0,30672,47.25219610566373,-76.3509006780406,1375,0,GA
103324,1,2.0,2117,14795,2.5,0,0,4,13,1945,0.0,48526,46.633284563455774,-70.65338163677049,2117,0,PA
235854,4,1.0,1828,12851,1.0,0,1,3,11,1971,0.0,55344,27.157078722415314,-116.19298794287019,958,869,UT
342037,1,4.5,3124,1396,3.0,0,1,5,4,1934,0.0,29014,28.166315818091462,-96.17025562229446,3124,0,KY
582286,4,3.5,2730,6266,1.0,0,4,3,10,1938,2013.0,83352,36.892220255935314,-109.24334170768124,2730,0,IL
212938,5,2.0,1919,10895,1.0,0,0,4,13,1991,1991.0,50324,27.558862547330165,-80.99217147674281,1919,0,WV
50000,4,3.5,48,12212,1.5,0,1,5,2,1950,0.0,48698,33.293940960368744,-82.8671107477321,48,0,TN
99352,2,3.5,1364,2407,1.5,0,1,5,1,1903,0.0,87169,28.561249077219465,-115.96954812748727,1364,0,NE
419381,4,1.0,2704,9553,1.0,0,3,2,6,2020,0.0,33384,40.26496852316526,-74.00944553808668,2026,677,AK
483892,3,4.5,2280,12698,2.0,0,1,3,4,1979,0.0,13512,47.78789036173988,-113.68453535325386,1605,674,ND
78423,4,1.5,496,8242,1.5,0,1,5,10,1976,0.0,16066,48.92161048706515,-78.55623553805788,496,0,NM
50000,2,1.0,193,11279,3.0,0,4,4,13,1983,0.0,41500,34.00578717992596,-97.95211950120373,193,0,MN
243943,2,1.5,2195,7562,2.5,0,0,2,12,1950,1959.0,88743,39.3763032907507,-105.28847926718538,2195,0,CT
109459,1,3.0,942,14545,1.5,0,2,5,7,1904,0.0,95642,45.55042368457795,-114.98036202756983,942,0,PA
136539,5,1.0,1039,6003,1.0,0,0,3,11,1954,0.0,89858,27.819089747113217,-114.44598739964212,1039,0,NC
287958,4,1.5,2672,4289,2.0,1,3,2,6,2000,0.0,64800,41.54954586524716,-86.27223838204868,2672,0,ID
247996,1,4.5,3202,10144,2.5,0,0,3,5,1919,0.0,73140,34.81224788140164,-92.62546788701414,3202,0,VT
246896,5,4.5,1249,2832,1.5,0,1,3,10,1923,0.0,94954,29.947507846723937,-117.04113096587973,1249,0,ID
55293,4,1.0,1955,-525,2.0,0,3,3,12,1935,2014.0,12387,34.66608684993861,-117.57622195501547,1756,198,ME
243755,3,4.5,1925,15418,2.0,0,0,2,13,1933,0.0,66160,26.823046887158004,-119.87829723795089,1925,0,FL
346237,4,4.0,1835,5078,2.0,0,3,5,12,2021,0.0,69241,41.689771566143335,-81.605261199708,1835,0,GA
200482,2,1.5,2040,3331,1.0,0,2,1,12,2008,2016.0,83567,31.065824049962874,-83.42272114193051,2040,0,KY
855522,2,3.5,2756,5941,3.0,0,0,5,12,2011,0.0,11799,32.47373548107707,-120.66943352128922,2756,0,WY
117096,3,1.5,1326,5716,2.0,0,1,2,2,1953,0.0,45548,27.905951157795105,-92.06460569097254,1326,0,SC
50000,1,4.0,474,9289,2.5,0,3,1,5,1933,0.0,43895,45.751818733357396,-119.17345915116668,474,0,RI
93561,5,3.5,3690,4532,1.5,0,4,1,9,1982,0.0,90171,36.84266270278573,-72.48649107529033,2511,1178,SD
303687,4,2.5,3089,12490,2.5,0,3,1,9,1916,1936.0,50379,38.73152506687361,-72.29430710673245,2633,456,GA
101033,2,3.0,896,13231,1.0,1,4,4,2,1904,0.0,55414,38.66638439427651,-84.2007195806516,731,165,ID
470465,1,4.0,2135,3625,1.0,0,1,2,7,1988,0.0,83071,34.851834748992204,-71.20723147795135,2135,0,IA
188046,3,3.5,3010,6909,2.5,0,2,4,10,1917,1959.0,78344,29.620717970515347,-77.74717726641964,3010,0,NM
216206,2,1.5,2749,7384,3.0,0,4,1,4,1954,2000.0,88591,42.883185963961594,-76.77330117215818,1534,1214,IA
221685,3,2.5,2462,9174,1.0,0,2,4,13,1952,1959.0,14297,28.049350368584186,-91.52665251751381,1572,889,NV
279770,4,2.0,1829,15413,1.0,0,3,4,13,1949,2022.0,96479,27.492970966691452,-106.55462570167798,1829,0,AR
354073,5,2.0,3727,15701,2.5,0,1,2,3,1971,0.0,15008,42.04348090231608,-111.58545043836398,2210,1517,OK
356439,2,4.0,2220,22494,1.0,0,4,3,11,1990,1996.0,96813,30.01208849084761,-105.34959874378103,2220,0,AL
400539,2,4.0,1485,-1346,3.0,1,3,4,1,1978,0.0,26820,32.362546032467975,-88.17576048492347,1485,0,UT
343744,4,2.5,2871,5378,3.0,0,0,4,3,1944,0.0,81548,36.40545920804176,-114.15857745755326,2871,0,ND
56237,1,3.0,2096,19070,3.0,0,3,1,11,1912,0.0,32253,35.78443160150911,-109.25750651167267,2096,0,WA
180131,5,2.0,2349,996,1.5,0,2,1,9,1915,0.0,39202,42.00589900155998,-97.32053082065852,2349,0,KY
305271,2,3.0,2203,18956,3.0,0,1,1,9,1985,0.0,39236,39.96236304264066,-110.7161443840969,1320,882,RI
165515,5,3.5,2496,10736,3.0,0,1,5,7,1983,0.0,77156,40.46550789476478,-90.44731082618449,2496,0,PA
78648,2,4.5,1021,10920,1.5,0,3,4,3,1912,0.0,70263,42.137303935730976,-71.3789663779892,1021,0,UT
50000,5,3.0,548,3601,2.0,0,0,1,13,1919,0.0,84855,32.022705458163166,-81.35890615492178,548,0,NC
635177,3,2.0,3434,7744,1.0,0,2,2,3,1965,0.0,26575,32.735999483211366,-86.01368299351196,3434,0,MA
50000,2,4.5,2249,18736,3.0,0,3,5,4,1998,0.0,22204,35.511945949493295,-90.78487586892462,1938,311,MT
172151,5,1.5,2770,9761,1.0,0,3,3,7,1946,2002.0,21952,32.379092152804624,-96.1869691723473,2770,0,VA
50000,1,1.5,240,7777,2.5,0,1,4,7,2018,0.0,93323,48.63850885530072,-113.3658600008244,240,0,OK
749497,3,4.5,3066,12028,1.0,0,2,4,12,1918,0.0,61142,44.53724623411431,-73.00150404066866,1550,1515,CA
98146,3,2.5,1478,9038,1.5,0,0,2,12,1944,0.0,43872,28.95171251814471,-109.83344788526833,1478,0,NC
50000,1,1.5,1193,11725,1.0,0,1,3,2,1936,0.0,39376,25.13425974116487,-118.79539397804484,1193,0,AL
629048,5,1.5,1936,5751,1.0,0,3,3,12,2021,0.0,76084,26.026798437934428,-81.24913478396437,1936,0,CO
50000,4,3.5,1022,9614,1.0,0,1,5,5,1953,0.0,21640,30.857522825030205,-113.98991454312352,1022,0,OR
50000,1,3.0,1998,6794,2.0,1,1,4,7,1905,0.0,36437,27.742990860084557,-102.80192802615296,1998,0,AK
239531,5,2.0,1863,980,2.0,0,4,1,7,1913,0.0,97681,37.80011475742173,-122.38775908741415,1863,0,CA
107651,1,4.0,3060,12409,2.5,0,1,2,6,1903,0.0,17903,45.5918853454566,-116.18712727519446,1809,1250,MT
110932,1,2.0,3513,3831,1.5,0,1,2,10,1985,2014.0,93704,42.68200530191746,-114.12739304668501,3513,0,SD
556479,2,4.0,3481,9176,1.0,0,2,2,10,2014,0.0,36863,30.17461751397257,-120.89862271823986,3481,0,WA
50000,5,1.0,-264,14630,1.0,0,1,2,12,1954,0.0,53381,34.58318214461886,-86.57055347249783,-132,-131,IL
83258,4,3.5,1064,2510,1.0,0,0,1,8,2002,2017.0,38548,37.189461028750664,-76.29055563922232,1064,0,ID
50000,2,2.5,-274,13023,1.0,0,3,1,3,1999,0.0,59956,44.444940388080056,-102.72102183714136,-274,0,CA
81221,1,2.0,806,8500,2.0,0,2,5,1,1933,0.0,84526,45.13891847454796,-74.14914082706255,806,0,AK
118772,1,4.0,1350,5167,2.5,0,1,4,3,1926,0.0,21467,46.83323948578662,-111.83924525007279,1350,0,AR
124944,1,4.5,2410,20114,3.0,0,0,1,11,1906,0.0,67954,37.22188601206901,-105.45274585700935,2410,0,NE
247146,5,2.5,1480,9997,1.5,0,3,5,2,1902,0.0,33901,41.662593914460714,-115.4079913972234,778,701,WY
72326,5,4.5,1507,7159,1.0,0,2,3,2,1946,0.0,65983,27.683208909614493,-88.62812586111707,986,521,GA
50000,2,2.0,2181,6098,2.5,0,0,4,2,1996,0.0,33301,38.56693503889557,-100.06743332039251,2181,0,IL
50000,4,2.5,290,14405,3.0,0,1,1,5,1901,0.0,95180,30.968603427307244,-89.04284923001177,290,0,UT
123168,2,2.0,1161,6939,2.5,0,4,3,13,2005,0.0,79903,35.36120524063867,-80.58453039253153,1161,0,AK
153765,3,1.0,1496,13782,2.0,0,4,5,1,1979,2021.0,26204,40.21721219936126,-92.89492808612194,1496,0,MT
83800,1,4.5,1797,9987,3.0,0,2,1,10,1924,1935.0,29755,31.167662508490746,-88.22506977059808,1797,0,IA
192622,1,3.5,2076,15580,2.5,0,0,1,4,1959,1980.0,69817,26.252441387122268,-70.69073207952303,1774,301,VA
106024,1,3.0,3500,4787,2.0,1,3,3,10,1978,1993.0,12093,25.24561255381018,-106.95333435229594,3500,0,GA
296676,2,4.5,2908,5484,2.5,0,0,1,5,1923,0.0,79537,25.531828853068518,-103.52765549786467,2908,0,MI
69967,2,2.5,1230,8594,2.5,0,4,2,2,1914,0.0,32940,25.200393700330473,-83.09090838256779,1230,0,SC
271809,1,3.0,1738,9009,3.0,0,2,1,5,1994,2012.0,83346,27.64852135738901,-89.15558552784296,1311,427,MO
193633,2,3.5,1670,8227,2.0,1,1,4,10,1913,0.0,54040,30.747729149683117,-113.82362444123626,1670,0,IA
206498,5,4.0,1485,23157,1.0,0,0,3,4,1953,1988.0,47322,30.30931634037518,-102.55960332940205,1003,481,IL
428609,5,3.0,2272,20316,1.5,0,4,4,8,1977,0.0,94437,48.68311826031752,-97.33323325189124,1380,891,DE
50000,2,2.5,140,11495,3.0,0,3,5,1,1905,0.0,97725,32.34414652501464,-100.09477923580181,140,0,MA
666136,1,4.0,2880,12084,2.0,0,2,4,12,1977,2013.0,19236,28.05809880062558,-113.83833592564368,2880,0,MA
514580,2,2.0,3693,8817,2.5,0,1,2,5,1980,0.0,82597,38.09350106002619,-71.30748476829706,3693,0,MI
103770,2,3.5,1730,4750,2.0,0,0,2,11,1917,0.0,94124,45.5909789295402,-80.54783058344339,1730,0,VA
176973,2,3.5,1710,9089,1.5,0,3,4,12,1919,1931.0,13902,41.273449042904204,-96.56271756985242,1710,0,NC
296162,3,2.5,2157,13855,1.5,0,1,5,10,2014,0.0,44364,32.10597013925081,-85.23652138651032,1432,724,VT
467496,5,1.0,3019,16528,1.0,0,4,1,1,1961,0.0,30096,38.47878783499492,-72.85488768827526,3019,0,NE
140779,4,3.0,1675,14978,1.0,0,4,2,10,1980,1992.0,22020,42.15654338080982,-116.23807388539043,1064,611,SC
641082,4,1.5,2933,2451,1.5,0,3,4,10,1979,2009.0,68473,42.47450781682582,-109.72873610970227,2298,635,WY
187065,3,3.0,2488,8553,3.0,0,4,4,4,1939,0.0,54153,40.99692292714453,-93.06602890637123,2488,0,MI
57540,2,1.5,4361,2655,3.0,0,2,4,8,1938,2020.0,51277,45.89945019461483,-78.45640883291556,4361,0,NJ
95541,3,1.5,1671,15844,2.5,0,3,1,1,1951,0.0,97221,45.8825310002585,-121.93347095983295,1671,0,FL
50000,3,1.0,23,7938,1.0,1,4,3,11,1931,0.0,48502,38.89447742576808,-67.91096543880745,19,4,VT
107908,1,2.5,567,9764,2.5,0,0,5,2,2007,0.0,25675,35.3165528586691,-98.07032363570336,567,0,OH
142290,5,1.0,2011,12400,1.0,0,4,3,1,1972,2003.0,34365,40.397687093562396,-103.52382498456178,2011,0,LA
140911,4,1.0,3027,23830,1.5,0,2,5,11,1926,0.0,97812,44.637088032891114,-107.31470704313301,1936,1091,TN
50000,2,1.5,1347,11341,3.0,0,1,5,7,2009,0.0,88229,25.135650516188434,-114.06166766390032,1347,0,CA
145408,4,3.0,1769,8808,3.0,0,1,4,2,1951,0.0,99049,48.80792821635643,-78.88028719098841,1585,183,NE
50000,4,1.5,2684,3794,1.5,0,4,2,1,1996,2015.0,62148,29.38945053590078,-69.5413926094725,1876,808,CO
50000,5,3.0,1034,17293,2.5,0,1,4,12,1962,0.0,99157,36.28597565583943,-100.4222489738123,620,413,NY
184555,4,1.0,1388,9091,2.5,0,4,1,6,1973,0.0,99247,45.9287136362288,-69.71202039905299,1388,0,DE
134776,4,1.0,832,18285,2.0,0,2,5,6,1962,0.0,78078,30.400969577060785,-77.04353592020306,832,0,RI
331214,3,2.5,3178,15528,1.0,0,1,2,10,1916,0.0,92598,36.44308537360919,-96.58008573384986,2224,953,MA
251626,5,3.0,3541,7685,2.5,0,0,5,2,2012,0.0,80902,28.1819723243483,-85.58050778981044,3541,0,LA
50000,1,1.5,420,3038,1.5,0,4,5,1,1948,0.0,36465,34.481831809316624,-99.20590178728361,420,0,IN
257846,2,3.0,1857,11362,2.5,0,1,4,10,1999,0.0,42286,29.25125091503206,-92.15276573188451,1857,0,IA
120116,4,3.0,3407,6925,3.0,0,2,2,3,1980,1988.0,64795,33.727065970507766,-120.69135878994528,1728,1678,TN
626184,2,4.5,2398,10196,1.0,0,2,2,10,1981,0.0,50178,33.96314120302533,-84.31298190786961,2398,0,MT
247539,1,2.5,1510,15245,2.0,0,0,5,5,2015,0.0,89183,48.83609895035998,-120.98899526440421,1326,184,UT
50000,2,2.5,453,1732,1.0,0,2,2,6,1922,0.0,59986,48.87551270329053,-77.42615802557998,364,89,NY
237395,1,2.5,3152,11323,3.0,0,2,2,3,1997,0.0,53201,27.754870687854698,-76.97802502074822,3152,0,RI
423004,3,4.5,2360,13797,3.0,0,1,4,9,1971,2006.0,53315,42.423250703880335,-110.48659460929576,1334,1025,NV
50000,4,4.0,527,14040,3.0,0,4,3,11,1912,0.0,85396,26.241891512058427,-105.55122148095938,352,174,RI
109583,1,2.0,3189,3182,3.0,0,3,1,5,1922,0.0,65178,25.724608368092525,-96.56530842217728,3189,0,TX
50000,2,4.5,399,12096,1.5,0,2,3,13,1956,0.0,20745,27.528013461879144,-89.99021430484856,399,0,NY
68610,4,4.0,1779,16017,2.0,0,2,2,2,1961,0.0,82354,48.17165576819042,-107.62084128070619,1779,0,IL
158485,3,4.0,1735,11716,3.0,0,3,5,10,1953,1977.0,89637,47.58072514947274,-90.22827493598027,1735,0,IA
428669,4,2.0,3618,9421,3.0,0,2,1,6,1919,0.0,15028,29.654267686736333,-107.02613682592997,3618,0,LA
165827,1,2.5,1738,15698,2.5,0,1,1,12,1985,1996.0,58566,28.88013605328908,-120.83702889894954,1738,0,RI
144551,3,2.0,1735,6528,2.0,0,1,5,8,2010,2010.0,53722,30.77284207638273,-123.8559296595812,1735,0,CO
129718,2,4.0,636,2350,1.0,0,3,1,11,1951,2003.0,96623,37.37312785780341,-118.23438969864957,508,127,HI
